description_length,merged,time_to_close,time_to_merge,time_to_first_response,author_association,num_comments,num_review_comments,num_commits,num_additions,num_deletions,num_changed_lines,num_changed_files
18,True,12,12,0,CONTRIBUTOR,0,0,1,266,266,532,3
160,True,25,25,2,CONTRIBUTOR,7,2,11,53,6,59,2
17,True,9,9,0,CONTRIBUTOR,0,0,1,1,1,2,1
188,True,10,10,0,CONTRIBUTOR,0,0,1,1,2,3,1
76,True,43,43,0,CONTRIBUTOR,8,0,5,268,4,272,1
179,False,21,21,0,NONE,3,0,4,41,0,41,2
13,True,23,23,3,CONTRIBUTOR,1,0,68,98,53,151,1
13,True,38,38,0,CONTRIBUTOR,4,0,7,267,0,267,2
176,False,12,12,0,NONE,1,0,2,19,0,19,2
63,True,35,35,13,CONTRIBUTOR,3,0,3,6,0,6,1
65,True,15,15,0,CONTRIBUTOR,1,0,4,32,32,64,1
165,True,32,32,0,CONTRIBUTOR,0,0,1,161,0,161,1
172,True,32,32,0,CONTRIBUTOR,0,0,1,11,1,12,1
49,True,48,48,0,CONTRIBUTOR,0,0,1,0,2,2,2
165,True,70,70,0,CONTRIBUTOR,0,2,3,18,0,18,1
161,False,0,0,0,CONTRIBUTOR,4,0,4,18,0,18,1
182,True,28,28,0,CONTRIBUTOR,0,3,2,216,0,216,1
14,False,102,102,0,CONTRIBUTOR,0,1,0,0,0,0,0
467,True,40,40,0,CONTRIBUTOR,5,0,3,186,0,186,1
215,False,57,57,54,CONTRIBUTOR,4,0,0,0,0,0,0
72,True,59,59,0,CONTRIBUTOR,0,0,1,11,0,11,1
26,True,61,61,0,CONTRIBUTOR,0,0,1,2,2,4,1
18,True,63,63,0,CONTRIBUTOR,0,0,3,83,0,83,1
9,True,3,3,0,CONTRIBUTOR,5,0,17,86,82,168,2
206,True,3,3,0,CONTRIBUTOR,0,0,1,1,1,2,1
168,True,6,6,0,CONTRIBUTOR,0,0,2,5,5,10,1
174,True,6,6,0,CONTRIBUTOR,0,0,1,18,0,18,1
7,True,16,16,0,CONTRIBUTOR,0,0,44,0,7,7,1
11,True,0,0,0,MEMBER,0,0,1,292,285,577,1
61,False,0,0,0,CONTRIBUTOR,3,0,2,15,27,42,1
18,True,2,2,0,CONTRIBUTOR,0,0,1,16,16,32,1
178,True,64,64,0,CONTRIBUTOR,0,0,10,97,25,122,1
10,True,59,59,60,CONTRIBUTOR,4,1,44,285,292,577,1
197,True,110,110,0,CONTRIBUTOR,2,0,5,1,6,7,3
17,False,213,213,93,CONTRIBUTOR,8,6,0,0,0,0,0
9,True,235,235,137,CONTRIBUTOR,8,14,5,82,4,86,1
177,True,0,0,0,CONTRIBUTOR,0,0,5,22,15,37,4
167,False,0,0,0,CONTRIBUTOR,0,0,26,10,4,14,2
160,False,0,0,0,CONTRIBUTOR,1,0,3,138,0,138,1
15,True,0,0,0,CONTRIBUTOR,0,0,1,3,3,6,1
18,False,0,0,0,CONTRIBUTOR,1,0,0,0,0,0,0
48,True,0,0,0,CONTRIBUTOR,0,0,2,33,0,33,1
110,False,0,0,0,CONTRIBUTOR,1,0,1,33,0,33,1
185,True,201,201,35,MEMBER,3,0,13,206,122,328,2
9,True,46,46,0,CONTRIBUTOR,0,0,3,24,0,24,1
17,True,57,57,0,CONTRIBUTOR,0,0,1,1,4,5,2
68,True,15,15,0,CONTRIBUTOR,0,0,1,6,0,6,1
41,True,1,1,0,CONTRIBUTOR,1,0,3,3,5,8,1
30,True,43,43,2,CONTRIBUTOR,1,3,4,9,1,10,1
15,True,46,46,0,MEMBER,1,4,2,67,1,68,6
39,True,6,6,0,MEMBER,0,0,1,11,0,11,3
43,True,9,9,0,CONTRIBUTOR,0,6,1,37,1,38,1
29,False,25,25,0,CONTRIBUTOR,0,2,3,36,1,37,1
37,True,12,12,0,CONTRIBUTOR,0,0,1,3,15,18,1
27,False,0,0,0,CONTRIBUTOR,1,0,2,37,1,38,1
202,True,31,31,0,CONTRIBUTOR,2,3,4,34,1,35,1
18,True,0,0,0,CONTRIBUTOR,0,0,1,1,1,2,1
164,True,39,39,0,MEMBER,0,0,2,11,9,20,4
89,True,86,86,63,CONTRIBUTOR,2,0,4,132,0,132,1
207,True,63,63,0,CONTRIBUTOR,10,14,24,84,22,106,4
168,True,64,64,0,CONTRIBUTOR,0,0,2,11,0,11,1
260,False,169,169,2,CONTRIBUTOR,3,1,43,19,0,19,2
9,True,4,4,0,CONTRIBUTOR,0,0,1,1,1,2,1
174,False,13,13,13,CONTRIBUTOR,1,0,1,54,0,54,1
10,True,14,14,0,CONTRIBUTOR,0,0,3,20,50,70,2
13,True,17,17,0,CONTRIBUTOR,0,0,1,18,1,19,4
163,True,4,4,0,CONTRIBUTOR,1,0,3,11,0,11,1
14,True,1,1,0,CONTRIBUTOR,0,0,2,2,1,3,2
35,True,18,18,12,CONTRIBUTOR,1,0,3,270,1,271,3
90,False,253,253,0,NONE,8,2,6,42,7,49,10
33,True,15,15,0,CONTRIBUTOR,0,0,1,18,0,18,1
29,True,36,36,0,CONTRIBUTOR,0,0,1,1,1,2,1
193,True,41,41,0,CONTRIBUTOR,0,0,1,36,0,36,1
16,True,9,9,0,CONTRIBUTOR,0,0,1,24,0,24,1
163,False,9,9,1,NONE,2,0,1,61,1,62,1
5,True,16,16,0,CONTRIBUTOR,0,0,2,22,0,22,1
65,True,0,0,0,CONTRIBUTOR,0,0,1,0,1,1,1
14,True,17,17,1,CONTRIBUTOR,2,0,4,19,0,19,2
280,False,7,7,7,NONE,1,0,1,76,19,95,6
24,True,10,10,0,CONTRIBUTOR,0,0,1,1,1,2,1
67,True,4,4,0,CONTRIBUTOR,0,0,1,1,1,2,1
8,True,14,14,0,CONTRIBUTOR,0,0,1,1,0,1,1
21,False,21,21,21,NONE,1,0,2,84,0,84,1
18,True,228,228,0,CONTRIBUTOR,0,0,28,421,143,564,10
183,True,1,1,0,CONTRIBUTOR,3,0,5,60,0,60,1
451,False,14,14,12,CONTRIBUTOR,1,0,0,0,0,0,0
32,True,22,22,0,CONTRIBUTOR,2,0,3,0,140,140,3
13,True,15,15,15,CONTRIBUTOR,1,0,3,2,2,4,1
164,True,37,37,0,MEMBER,0,0,1,39,44,83,2
31,True,19,19,0,CONTRIBUTOR,0,0,2,72,0,72,1
30,True,4,4,0,CONTRIBUTOR,0,0,1,22,0,22,1
12,True,0,0,0,CONTRIBUTOR,0,0,1,2,2,4,1
176,False,36,36,13,NONE,3,0,3,20,1,21,2
23,True,3,3,0,NONE,3,0,3,7,1,8,1
32,True,6,6,0,CONTRIBUTOR,0,0,6,6,0,6,1
91,True,36,36,0,CONTRIBUTOR,1,0,7,20,1,21,2
104,False,19,19,0,CONTRIBUTOR,7,0,4,39,1,40,3
191,False,483,483,0,MEMBER,6,3,50,579,618,1197,65
18,True,1,1,0,CONTRIBUTOR,0,0,1,286,285,571,2
161,True,3,3,0,MEMBER,0,0,3,3,3,6,2
162,True,5,5,0,MEMBER,0,0,1,1,1,2,1
15,True,22,22,0,CONTRIBUTOR,0,0,1,12,0,12,1
26,True,9,9,0,CONTRIBUTOR,0,0,1,1,1,2,1
16,True,3,3,0,CONTRIBUTOR,0,0,1,30,0,30,1
75,True,17,17,0,CONTRIBUTOR,0,0,3,15,3,18,1
22,True,3,3,0,CONTRIBUTOR,1,0,15,275,34,309,3
12,True,50,50,0,CONTRIBUTOR,6,2,5,284,0,284,1
9,True,103,103,0,MEMBER,0,4,6,205,10,215,15
184,True,7,7,5,CONTRIBUTOR,3,0,1,3,3,6,1
3,True,2,2,0,CONTRIBUTOR,0,0,35,1,1,2,1
71,False,4,4,4,CONTRIBUTOR,1,0,1,181,0,181,7
83,True,12,12,0,CONTRIBUTOR,0,0,2,3,3,6,3
55,False,0,0,0,CONTRIBUTOR,2,0,2,6,0,6,1
165,False,623,623,335,MEMBER,2,9,14,124,23,147,9
11,True,1,1,0,CONTRIBUTOR,0,0,39,3,3,6,1
18,True,0,0,0,CONTRIBUTOR,0,0,1,11,11,22,1
15,True,16,16,0,CONTRIBUTOR,0,1,2,30,0,30,5
160,False,9,9,9,NONE,1,0,1,7,2,9,1
165,True,8,8,0,CONTRIBUTOR,0,0,1,6,0,6,1
89,False,67,67,9,NONE,6,0,3,35,16,51,4
167,False,0,0,0,CONTRIBUTOR,1,0,1,1,1,2,1
33,True,5,5,0,CONTRIBUTOR,0,0,1,2,2,4,1
11,True,14,14,0,CONTRIBUTOR,0,0,1,6,0,6,1
12,True,21,21,0,CONTRIBUTOR,0,0,1,18,0,18,1
18,True,35,35,0,CONTRIBUTOR,0,0,1,1,1,2,1
208,True,90,90,0,CONTRIBUTOR,1,0,12,21,2,23,2
20,True,60,60,11,CONTRIBUTOR,1,0,3,11,0,11,1
56,True,19,19,0,CONTRIBUTOR,1,0,1,19,0,19,2
29,True,5,5,0,CONTRIBUTOR,3,0,4,23,23,46,1
13,True,0,0,0,CONTRIBUTOR,0,0,1,0,2,2,1
16,True,35,35,12,CONTRIBUTOR,4,0,3,60,0,60,1
10,True,27,27,0,CONTRIBUTOR,3,0,2,101,0,101,1
121,True,40,40,0,CONTRIBUTOR,0,0,1,22,25,47,5
54,True,56,56,0,CONTRIBUTOR,0,0,2,4,2,6,1
214,True,164,164,0,CONTRIBUTOR,15,17,12,171,6,177,6
42,False,487,487,0,CONTRIBUTOR,4,0,5,85,6,91,6
14,False,383,383,0,NONE,7,0,5,197,0,197,1
96,True,309,309,9,MEMBER,3,33,75,2471,148,2619,20
18,True,0,0,0,CONTRIBUTOR,0,0,1,42,42,84,1
162,True,0,0,0,MEMBER,0,0,5,50,11,61,3
311,True,2,2,0,CONTRIBUTOR,0,0,1,18,0,18,1
30,True,22,22,0,CONTRIBUTOR,5,0,10,45,3,48,1
22,False,0,0,0,CONTRIBUTOR,0,0,7,44,2,46,1
103,True,24,24,0,MEMBER,0,2,113,1303,734,2037,69
5,True,1,1,0,MEMBER,1,0,3,26,3,29,3
30,False,1,1,0,MEMBER,1,0,1,2,8,10,1
9,True,36,36,11,CONTRIBUTOR,2,0,2,72,0,72,1
21,True,0,0,0,CONTRIBUTOR,0,0,5,3,3,6,1
331,True,0,0,0,MEMBER,0,0,1,8,8,16,2
34,True,0,0,0,CONTRIBUTOR,0,0,3,6,6,12,1
28,True,0,0,0,CONTRIBUTOR,1,0,1,1,1,2,1
168,True,6,6,0,CONTRIBUTOR,2,0,2,66,0,66,1
4,True,1,1,0,CONTRIBUTOR,2,0,5,30,0,30,1
159,True,5,5,0,MEMBER,0,0,2,11,9,20,2
164,True,630,630,0,MEMBER,2,1,4,262,27,289,5
161,False,48,48,0,MEMBER,3,0,2,163,13,176,7
22,True,0,0,0,MEMBER,0,1,4,58,13,71,4
11,True,1,1,0,CONTRIBUTOR,0,0,1,6,0,6,1
18,True,2,2,0,CONTRIBUTOR,0,0,2,8,1,9,1
163,True,9,9,0,MEMBER,0,1,1,359,352,711,1
18,True,0,0,0,CONTRIBUTOR,0,0,1,2,2,4,1
11,True,0,0,0,CONTRIBUTOR,0,0,1,1,0,1,1
135,True,11,11,0,NONE,2,0,5,11,0,11,1
18,True,0,0,0,CONTRIBUTOR,0,0,2,6,0,6,1
57,True,214,214,1,CONTRIBUTOR,3,0,5,13,4,17,1
54,False,226,226,0,CONTRIBUTOR,0,0,5,13,4,17,1
162,True,21,21,0,CONTRIBUTOR,6,0,6,162,0,162,1
160,True,28,28,0,CONTRIBUTOR,0,0,1,6,0,6,1
18,True,45,45,0,CONTRIBUTOR,0,0,1,207,207,414,1
229,True,75,75,5,CONTRIBUTOR,4,0,4,30,0,30,6
231,False,0,0,0,CONTRIBUTOR,0,0,3,27,0,27,5
231,False,0,0,0,CONTRIBUTOR,0,0,3,27,0,27,5
14,False,377,377,179,NONE,4,2,3,8,2,10,1
3,False,0,0,0,MEMBER,1,0,1,1,1,2,1
48,True,28,28,11,CONTRIBUTOR,1,0,20,240,26,266,3
34,False,0,0,0,CONTRIBUTOR,0,0,11,224,0,224,4
49,True,0,0,0,CONTRIBUTOR,0,0,1,8,8,16,1
7,False,2,2,0,CONTRIBUTOR,0,0,7,12,0,12,1
259,False,204,204,5,NONE,5,0,7,183,198,381,1
155,False,11,11,11,NONE,1,0,1,6,0,6,1
2,True,18,18,0,CONTRIBUTOR,0,0,2,7,1,8,1
28,True,0,0,0,CONTRIBUTOR,0,0,13,22,0,22,3
21,True,0,0,0,CONTRIBUTOR,0,3,5,13,1,14,1
25,True,13,13,9,CONTRIBUTOR,1,2,6,43,1,44,3
167,True,8,8,8,CONTRIBUTOR,1,0,3,2,1,3,1
21,False,0,0,0,CONTRIBUTOR,0,0,3,31,1,32,3
15,False,2,2,0,CONTRIBUTOR,3,0,3,17,0,17,2
18,True,0,0,0,CONTRIBUTOR,0,0,1,9,9,18,3
5,True,0,0,0,CONTRIBUTOR,0,0,1,1,1,2,1
84,True,19,19,19,CONTRIBUTOR,2,0,2,22,0,22,1
28,True,101,101,22,CONTRIBUTOR,8,0,6,181,0,181,2
8,True,0,0,0,MEMBER,0,0,1,0,159,159,2
171,False,1,1,1,NONE,1,0,1,4,1,5,1
110,False,0,0,0,NONE,2,0,3,110,1,111,3
29,True,1,1,0,CONTRIBUTOR,1,0,3,1,1,2,1
16,True,0,0,0,CONTRIBUTOR,1,0,1,1,1,2,1
26,True,25,25,0,CONTRIBUTOR,0,0,1,2279,0,2279,3
11,True,29,29,25,CONTRIBUTOR,2,0,3,54,0,54,1
49,False,38,38,38,CONTRIBUTOR,1,0,3,17,0,17,2
17,True,40,40,0,CONTRIBUTOR,0,0,3,18,0,18,1
78,True,48,48,0,CONTRIBUTOR,0,0,3,6,1,7,1
22,False,60,60,60,NONE,2,0,4,34,0,34,3
82,False,1,1,1,CONTRIBUTOR,6,0,3,1,0,1,1
11,False,45,45,0,CONTRIBUTOR,1,0,1,2,1,3,1
160,True,95,95,3,MEMBER,2,0,2,4,0,4,2
174,False,6,6,6,NONE,2,0,1,1,1,2,1
201,True,256,256,107,CONTRIBUTOR,12,0,15,73,30,103,6
69,True,116,116,0,CONTRIBUTOR,0,0,1,210,0,210,3
290,True,0,0,2,CONTRIBUTOR,1,0,1,78,86,164,2
54,True,212,212,188,CONTRIBUTOR,4,0,1,159,0,159,2
12,True,206,206,188,CONTRIBUTOR,1,0,1,1,1,2,1
15,True,304,304,194,CONTRIBUTOR,3,18,9,12,0,12,1
171,False,10,10,10,CONTRIBUTOR,1,0,1,0,0,0,0
29,True,419,419,187,CONTRIBUTOR,5,0,1,9,3,12,1
259,True,326,326,189,CONTRIBUTOR,1,0,3,29,0,29,2
175,False,510,510,175,NONE,5,0,1,17,0,17,1
163,False,360,360,168,CONTRIBUTOR,1,0,2,12,0,12,1
182,True,459,459,250,CONTRIBUTOR,1,2,5,2,1,3,1
213,True,510,510,230,CONTRIBUTOR,5,0,7,25,2,27,3
160,False,0,0,0,NONE,0,0,2,10,5,15,3
160,False,484,484,180,NONE,2,0,1,12,0,12,1
3,False,486,486,180,NONE,3,0,1,5,0,5,1
104,True,567,567,190,CONTRIBUTOR,1,2,5,2010,1,2011,3
54,False,693,693,190,NONE,2,4,3,36,0,36,1
186,True,560,560,183,CONTRIBUTOR,1,0,33,1,1,2,1
264,False,589,589,212,NONE,3,0,5,389,403,792,1
260,False,0,0,0,NONE,0,0,1,389,403,792,1
18,True,0,0,0,CONTRIBUTOR,0,0,1,1,1,2,1
159,True,10,10,0,MEMBER,1,0,3,14,7,21,3
17,True,7,7,0,CONTRIBUTOR,0,12,12,39,9,48,4
603,True,0,0,0,CONTRIBUTOR,0,0,1,1281,613,1894,2
217,False,126,126,0,NONE,0,5,0,0,0,0,0
33,False,49,49,1,NONE,2,0,1,17,0,17,2
22,False,516,516,57,NONE,4,0,18,115,0,115,4
163,True,46,46,0,MEMBER,3,0,12,18,38,56,2
161,True,0,0,0,MEMBER,0,0,1,1,0,1,1
241,False,20,20,16,NONE,2,0,6,435,347,782,6
58,False,395,395,203,CONTRIBUTOR,1,0,2,4,4,8,2
18,True,0,0,0,CONTRIBUTOR,0,0,1,149,149,298,4
18,False,0,0,0,CONTRIBUTOR,0,0,1,149,149,298,4
161,True,41,41,1,MEMBER,3,0,34,172,143,315,7
40,False,45,45,6,NONE,3,0,8,56,0,56,2
33,True,6,6,0,CONTRIBUTOR,1,0,2,2,2,4,1
27,True,129,129,61,CONTRIBUTOR,1,0,6,200,110,310,4
218,False,64,64,64,NONE,1,0,2,17,0,17,2
80,True,89,89,0,CONTRIBUTOR,0,0,3,112,1,113,3
161,True,1287,1287,0,MEMBER,4,0,9,206,86,292,11
3,True,0,0,0,COLLABORATOR,1,0,53,381,6,387,1
168,True,0,0,0,CONTRIBUTOR,1,0,312,140,1,141,6
160,True,17,17,0,MEMBER,1,0,1,163,153,316,9
61,True,29,29,0,CONTRIBUTOR,2,0,2,157,1,158,3
7,False,0,0,0,NONE,1,0,1,216,0,216,1
163,True,8,8,0,MEMBER,0,1,1,1,1,2,1
72,True,0,0,0,CONTRIBUTOR,3,0,1,1,1,2,1
162,True,23,23,0,MEMBER,0,0,1,7,21,28,3
3,True,0,0,0,COLLABORATOR,1,0,342,1375,5,1380,1
22,True,3,3,0,CONTRIBUTOR,0,0,1,5,0,5,1
28,True,6,6,0,CONTRIBUTOR,0,0,1,22,0,22,1
31,True,42,42,0,CONTRIBUTOR,2,0,3,91,0,91,1
3,True,0,0,0,COLLABORATOR,1,0,146,269,5,274,1
200,True,16,16,0,NONE,0,0,2,9,1,10,2
11,False,0,0,0,NONE,0,0,15,223,504,727,21
48,True,42,42,0,CONTRIBUTOR,0,0,1,0,1,1,1
15,False,3,3,2,NONE,2,0,1,1,1,2,1
11,False,0,0,0,CONTRIBUTOR,2,0,1,2,2,4,1
174,True,0,0,0,CONTRIBUTOR,0,0,1,8,4,12,4
166,True,47,47,0,CONTRIBUTOR,2,0,4,123,2,125,4
214,True,68,68,68,CONTRIBUTOR,2,0,3,19,1,20,3
28,False,91,91,0,CONTRIBUTOR,3,0,5,23,1,24,4
193,True,0,0,0,CONTRIBUTOR,0,0,1,3,1,4,1
176,True,34,34,0,CONTRIBUTOR,0,2,7,143,0,143,1
170,True,47,47,0,CONTRIBUTOR,1,2,6,122,2,124,1
180,False,0,0,0,NONE,0,0,1,12,0,12,1
29,False,0,0,0,CONTRIBUTOR,3,0,2,18,0,18,2
168,True,4,4,0,CONTRIBUTOR,0,0,1,4,4,8,1
99,True,16,16,0,CONTRIBUTOR,0,0,4,9,9,18,1
3,True,0,0,0,COLLABORATOR,1,0,105,752,5,757,1
950,True,64,64,0,CONTRIBUTOR,0,0,2,131,0,131,1
3,True,77,77,0,MEMBER,0,0,3,7,6,13,1
166,True,18,18,0,CONTRIBUTOR,0,0,1,277,1,278,1
6,True,21,21,0,CONTRIBUTOR,4,0,2,5,5,10,1
5,False,0,0,0,CONTRIBUTOR,1,0,3,2,2,4,1
8,False,16,16,0,NONE,6,0,3,2,2,4,1
3,True,0,0,0,COLLABORATOR,2,0,71,462,0,462,1
3,True,0,0,0,COLLABORATOR,2,0,3,7,0,7,1
404,True,2,2,0,CONTRIBUTOR,4,0,1,49,1,50,1
69,True,15,15,0,CONTRIBUTOR,0,0,1,2,2,4,1
23,False,8,8,8,NONE,1,0,1,1,1,2,1
158,True,61,61,0,CONTRIBUTOR,0,0,4,1009,1,1010,3
159,False,0,0,0,CONTRIBUTOR,1,0,3,1009,1,1010,3
166,False,0,0,0,NONE,2,0,3,16,0,16,4
166,False,0,0,0,NONE,1,0,1,16,0,16,1
44,True,0,0,0,CONTRIBUTOR,4,0,1,12,0,12,1
10,True,1,1,0,CONTRIBUTOR,6,0,17,212,0,212,3
10,False,0,0,0,CONTRIBUTOR,1,0,10,212,0,212,3
10,False,0,0,0,CONTRIBUTOR,1,0,9,212,0,212,3
76,False,0,0,0,CONTRIBUTOR,1,0,5,212,0,212,3
160,False,0,0,0,CONTRIBUTOR,0,0,2,207,0,207,1
231,True,3,3,0,CONTRIBUTOR,0,0,3,206,1,207,3
168,False,3,3,3,CONTRIBUTOR,2,0,1,33,0,33,2
38,True,32,32,0,CONTRIBUTOR,2,4,3,1,11,12,1
150,False,102,102,5,NONE,3,0,6,17,0,17,2
205,True,1,1,0,CONTRIBUTOR,8,2,7,36,0,36,2
39,True,7,7,0,CONTRIBUTOR,3,0,7,200,0,200,3
64,True,15,15,0,CONTRIBUTOR,1,0,8,13,1,14,1
27,True,38,38,0,CONTRIBUTOR,0,0,1,11,0,11,1
22,True,39,39,0,CONTRIBUTOR,0,0,2,9,0,9,1
14,True,79,79,71,CONTRIBUTOR,2,5,6,12,0,12,1
42,True,16,16,0,CONTRIBUTOR,2,0,5,30,0,30,1
43,True,39,39,8,CONTRIBUTOR,4,0,5,43,1,44,3
189,True,13,13,0,CONTRIBUTOR,2,1,3,216,1,217,3
466,True,49,49,21,CONTRIBUTOR,5,0,5,72,0,72,1
157,True,28,28,0,CONTRIBUTOR,0,2,9,24,0,24,1
9,True,27,27,0,CONTRIBUTOR,0,0,1,131,0,131,1
465,False,17,17,0,CONTRIBUTOR,0,0,1,72,0,72,1
471,False,0,0,0,CONTRIBUTOR,0,0,1,72,0,72,1
64,True,92,92,16,CONTRIBUTOR,9,9,16,505,33,538,19
20,True,36,36,0,CONTRIBUTOR,1,0,4,13,1,14,1
81,True,41,41,0,MEMBER,3,0,19,133,93,226,33
14,True,48,48,0,CONTRIBUTOR,0,0,4,262,15,277,3
21,True,89,89,12,CONTRIBUTOR,3,0,4,19,1,20,1
162,True,64,64,0,MEMBER,3,0,6,96,0,96,4
180,True,69,69,0,CONTRIBUTOR,1,0,5,18,0,18,2
69,True,16,16,0,CONTRIBUTOR,0,0,1,39,7,46,1
75,True,1,1,1,CONTRIBUTOR,3,0,1,13,4,17,2
25,True,2,2,0,CONTRIBUTOR,17,7,20,133,1,134,3
169,True,5,5,0,CONTRIBUTOR,0,2,1,24,0,24,1
118,True,1,1,0,CONTRIBUTOR,0,0,4,5,5,10,3
26,True,5,5,0,CONTRIBUTOR,0,0,1,6,0,6,1
180,False,42,42,0,NONE,3,0,2,10,4,14,2
57,True,51,51,0,CONTRIBUTOR,0,0,1,11,0,11,1
27,True,3,3,0,CONTRIBUTOR,0,0,3,13,2,15,2
41,True,18,18,0,CONTRIBUTOR,2,0,4,10,1,11,1
126,True,2,2,0,CONTRIBUTOR,0,0,1,18,0,18,1
177,True,31,31,8,CONTRIBUTOR,3,4,17,75,3,78,4
18,False,0,0,0,CONTRIBUTOR,0,0,9,75,2,77,6
161,True,16,16,0,MEMBER,1,1,5,235,3,238,7
165,True,27,27,3,CONTRIBUTOR,5,0,7,6,0,6,1
28,True,34,34,0,CONTRIBUTOR,0,0,3,42,0,42,1
165,True,40,40,0,MEMBER,0,0,3,5,3,8,3
186,True,869,869,268,MEMBER,8,1,54,695,403,1098,19
159,True,224,224,0,CONTRIBUTOR,6,0,7,14,3,17,3
168,True,54,54,0,CONTRIBUTOR,0,0,4,82,10,92,2
160,False,1,1,0,NONE,1,0,2,17,0,17,2
22,True,61,61,0,CONTRIBUTOR,1,1,2,6,0,6,1
4,True,1,1,0,MEMBER,4,9,34,376,64,440,25
167,False,1,1,1,CONTRIBUTOR,2,0,1,1,1,2,1
23,True,1677,1677,0,CONTRIBUTOR,21,22,297,2283,1135,3418,47
162,True,21,21,0,CONTRIBUTOR,4,0,1,6,0,6,1
162,False,0,0,0,CONTRIBUTOR,1,0,1,6,0,6,1
126,True,28,28,0,CONTRIBUTOR,5,0,1,1,1,2,1
42,True,46,46,0,CONTRIBUTOR,8,0,3,15,15,30,1
160,False,12,12,12,NONE,1,0,1,12,0,12,1
62,False,34,34,34,CONTRIBUTOR,1,0,2,20,20,40,1
34,True,43,43,0,CONTRIBUTOR,0,0,1,212,0,212,3
175,True,48,48,0,CONTRIBUTOR,0,0,1,223,0,223,3
162,False,1,1,0,CONTRIBUTOR,3,0,2,7,0,7,1
162,True,3,3,0,CONTRIBUTOR,0,0,12,221,203,424,1
162,False,0,0,0,CONTRIBUTOR,1,0,10,222,203,425,1
201,True,76,76,0,CONTRIBUTOR,0,0,2,9,5,14,1
286,True,150,150,0,CONTRIBUTOR,1,2,4,18,0,18,1
187,True,57,57,0,MEMBER,0,0,1,53,0,53,1
160,False,63,63,62,CONTRIBUTOR,3,0,2,11,0,11,1
179,True,66,66,0,NONE,0,0,2,11,0,11,1
130,True,508,508,485,MEMBER,2,2,43,472,51,523,11
47,True,327,327,87,CONTRIBUTOR,12,0,20,34,0,34,3
175,True,0,0,0,CONTRIBUTOR,2,0,1,1,1,2,1
173,True,0,0,0,CONTRIBUTOR,1,0,1,1,1,2,1
163,True,110,110,16,CONTRIBUTOR,2,0,7,53,0,53,2
18,True,5,5,0,MEMBER,0,1,2,8,0,8,1
154,True,0,0,0,MEMBER,0,0,1,1,0,1,1
22,True,9,9,0,CONTRIBUTOR,0,0,1,8,6,14,1
35,True,15,15,0,CONTRIBUTOR,0,0,1,18,0,18,1
175,True,19,19,15,MEMBER,3,2,6,95,48,143,6
169,True,42,42,0,CONTRIBUTOR,0,0,1,17,0,17,2
12,True,73,73,43,CONTRIBUTOR,5,0,3,113,0,113,1
11,True,57,57,0,CONTRIBUTOR,1,0,2,115,0,115,3
163,True,2011,2011,0,MEMBER,8,5,13,642,17,659,16
165,True,1,1,0,MEMBER,0,0,3,270,63,333,11
6,True,0,0,0,CONTRIBUTOR,0,1,2,4,1,5,1
178,True,94,94,0,CONTRIBUTOR,0,1,4,27,1,28,2
45,True,1,1,0,CONTRIBUTOR,4,0,5,99,33,132,1
166,True,33,33,9,CONTRIBUTOR,3,0,4,10,8,18,5
164,True,34,34,0,CONTRIBUTOR,2,0,3,11,0,11,1
176,True,16,16,0,CONTRIBUTOR,0,0,1,6,0,6,1
166,True,168,168,0,CONTRIBUTOR,4,0,6,212,1,213,3
187,False,43,43,0,CONTRIBUTOR,1,0,2,284,39,323,8
206,False,1,1,0,CONTRIBUTOR,5,0,4,431,0,431,3
169,False,54,54,0,CONTRIBUTOR,1,0,2,10,2,12,2
14,True,35,35,0,CONTRIBUTOR,0,2,2,1,1,2,1
161,True,135,135,0,CONTRIBUTOR,3,6,17,6,0,6,1
28,True,19,19,0,CONTRIBUTOR,0,0,1,2,0,2,1
28,True,13,13,0,CONTRIBUTOR,3,0,1,9,3,12,2
33,True,90,90,0,CONTRIBUTOR,3,8,25,359,149,508,5
171,True,20,20,0,CONTRIBUTOR,2,0,2,2,1,3,1
19,True,0,0,0,CONTRIBUTOR,0,0,1,2,1,3,1
165,True,3,3,0,CONTRIBUTOR,2,0,2,3,0,3,1
128,True,148,148,0,CONTRIBUTOR,16,5,2,150,44,194,5
10,True,23,23,0,CONTRIBUTOR,0,0,2,223,0,223,4
168,False,0,0,0,NONE,1,0,2,52,0,52,4
163,False,115,115,34,CONTRIBUTOR,4,0,8,18,0,18,1
43,True,67,67,0,CONTRIBUTOR,5,0,11,309,1,310,4
80,False,62,62,62,CONTRIBUTOR,1,0,1,11,7,18,1
160,True,66,66,0,MEMBER,0,0,5,361,5,366,11
159,True,0,0,0,MEMBER,0,0,1,64,46,110,2
44,True,283,283,0,CONTRIBUTOR,7,2,1,72,16,88,5
172,True,69,69,0,CONTRIBUTOR,2,0,4,20,0,20,2
162,False,35,35,0,CONTRIBUTOR,0,0,4,6,0,6,1
170,False,0,0,0,CONTRIBUTOR,1,0,1,6,0,6,1
163,True,0,0,0,CONTRIBUTOR,0,0,31,95,0,95,3
169,True,0,0,0,CONTRIBUTOR,4,0,7,191,0,191,1
36,True,1,1,0,CONTRIBUTOR,7,0,16,605,1,606,4
29,True,10,10,0,CONTRIBUTOR,1,0,2,39,3,42,1
169,True,13,13,0,CONTRIBUTOR,1,0,2,2,2,4,1
16,True,9,9,0,CONTRIBUTOR,0,0,4,15,0,15,1
214,True,12,12,0,CONTRIBUTOR,0,0,1,60,54,114,1
20,True,0,0,0,CONTRIBUTOR,0,0,2,2,0,2,1
130,True,2,2,1,CONTRIBUTOR,2,0,1,1,1,2,1
4,True,6,6,0,CONTRIBUTOR,0,0,1,1,1,2,1
164,True,11,11,0,MEMBER,0,0,3,15,11,26,2
84,True,14,14,0,CONTRIBUTOR,3,0,3,17,0,17,2
249,False,16,16,10,CONTRIBUTOR,4,0,30,2,2,4,2
4,True,17,17,0,CONTRIBUTOR,0,0,30,1,1,2,1
35,True,72,72,0,CONTRIBUTOR,6,0,5,84,0,84,1
43,True,61,61,0,CONTRIBUTOR,2,0,2,7,17,24,1
20,True,77,77,0,CONTRIBUTOR,0,0,1,1,1,2,1
34,True,81,81,0,CONTRIBUTOR,0,0,2,2,1,3,1
7,True,161,161,0,CONTRIBUTOR,6,0,3,66,0,66,1
336,True,153,153,0,CONTRIBUTOR,10,11,4,366,240,606,10
5,True,176,176,0,CONTRIBUTOR,0,0,2,78,0,78,1
16,True,203,203,190,CONTRIBUTOR,1,0,1,96,1,97,1
11,False,8,8,8,NONE,1,0,1,1,1,2,1
173,True,2,2,0,CONTRIBUTOR,0,0,0,0,0,0,0
9,True,15,15,15,CONTRIBUTOR,1,0,1,1,1,2,1
12,True,16,16,16,CONTRIBUTOR,4,0,5,21,1,22,2
8,True,28,28,0,CONTRIBUTOR,0,0,1,1,1,2,1
200,True,87,87,0,CONTRIBUTOR,0,0,6,67,1,68,1
10,True,24,24,0,MEMBER,1,0,1,160,538,698,34
17,True,91,91,10,CONTRIBUTOR,2,0,5,274,0,274,3
9,True,0,0,0,MEMBER,0,0,4,1,0,1,1
55,True,16,16,16,COLLABORATOR,1,0,9,30,23,53,5
25,False,18,18,0,COLLABORATOR,2,0,6,10,17,27,5
35,True,2,2,0,CONTRIBUTOR,0,0,1,1,0,1,1
15,True,117,117,9,CONTRIBUTOR,3,0,2,95,17,112,1
18,True,24,24,0,CONTRIBUTOR,0,0,3,213,0,213,3
85,True,693,693,5,CONTRIBUTOR,35,10,57,192,7,199,18
26,True,119,119,0,CONTRIBUTOR,0,0,2,6,0,6,1
86,False,1,1,0,CONTRIBUTOR,0,0,3,95,1,96,10
124,False,32,32,12,COLLABORATOR,1,2,4,10,17,27,5
4,True,0,0,0,MEMBER,0,0,0,0,0,0,0
6,True,76,76,76,CONTRIBUTOR,2,0,1,31,1,32,1
159,True,81,81,0,MEMBER,1,0,1,1,9,10,2
172,True,34,34,0,MEMBER,2,1,3,116,64,180,5
9,False,390,390,7,NONE,3,1,3,120,0,120,1
196,True,1,1,1,CONTRIBUTOR,1,0,5,18,2,20,1
154,True,8,8,0,CONTRIBUTOR,0,0,1,1,1,2,1
33,False,10,10,10,NONE,1,0,2,17,0,17,2
39,False,17,17,17,NONE,1,0,1,356,339,695,2
16,True,20,20,0,CONTRIBUTOR,1,0,2,42,0,42,2
165,True,96,96,21,CONTRIBUTOR,2,0,1,42,0,42,1
13,True,70,70,0,CONTRIBUTOR,0,0,3,6,0,6,1
163,False,0,0,0,CONTRIBUTOR,0,0,1,6,0,6,1
78,True,133,133,0,CONTRIBUTOR,7,0,4,137,5,142,9
246,True,63,63,40,CONTRIBUTOR,3,0,3,19,4,23,2
14,False,269,269,4,NONE,3,0,2,6,0,6,1
4,True,2,2,0,CONTRIBUTOR,0,0,2,2,2,4,2
160,True,281,281,0,CONTRIBUTOR,3,0,2,2,0,2,2
9,True,23,23,0,CONTRIBUTOR,1,0,2,2,2,4,1
161,False,152,152,0,MEMBER,2,0,3,9,9,18,6
30,True,9,9,0,CONTRIBUTOR,0,0,4,18,0,18,1
18,True,91,91,20,CONTRIBUTOR,3,0,2,7,6,13,7
80,True,69,69,0,CONTRIBUTOR,2,0,3,1126,0,1126,4
16,False,40,40,15,CONTRIBUTOR,4,0,1,2,2,4,1
24,True,41,41,0,CONTRIBUTOR,0,0,2,15,3,18,1
2,True,3,3,0,CONTRIBUTOR,0,0,36,12,12,24,1
222,True,4,4,0,CONTRIBUTOR,0,0,29,4,4,8,4
14,True,9,9,0,CONTRIBUTOR,0,0,1,7,1,8,1
27,True,26,26,0,CONTRIBUTOR,4,0,3,6,18,24,1
48,True,73,73,0,CONTRIBUTOR,3,0,3,46,22,68,1
35,True,37,37,23,CONTRIBUTOR,1,0,3,51,0,51,1
107,True,103,103,40,CONTRIBUTOR,1,0,3,99,69,168,5
26,True,321,321,236,CONTRIBUTOR,1,16,4,182,1,183,2
160,True,48,48,0,MEMBER,0,0,1,0,1,1,1
15,False,0,0,0,CONTRIBUTOR,0,0,1,3,1,4,1
160,True,0,0,0,MEMBER,0,0,1,3,3,6,1
63,True,52,52,0,CONTRIBUTOR,7,0,2,2,2,4,1
161,True,0,0,0,MEMBER,2,0,1,3,3,6,3
164,True,0,0,0,CONTRIBUTOR,0,0,1,0,2,2,1
4,True,0,0,0,CONTRIBUTOR,0,0,1,3,4,7,1
15,True,5,5,0,CONTRIBUTOR,0,0,4,2083,0,2083,6
11,True,303,303,0,CONTRIBUTOR,6,8,13,168,0,168,1
31,True,17,17,0,CONTRIBUTOR,1,0,4,1,5,6,1
164,False,83,83,83,NONE,1,0,1,12,0,12,1
10,True,23,23,0,CONTRIBUTOR,1,0,6,2268,1,2269,6
5,True,59,59,0,CONTRIBUTOR,6,6,8,29,0,29,1
9,True,0,0,0,CONTRIBUTOR,0,0,2,1,1,2,1
170,False,44,44,44,NONE,1,0,3,17,0,17,2
26,False,4,4,4,CONTRIBUTOR,1,0,1,4,0,4,1
61,True,81,81,0,CONTRIBUTOR,0,0,10,55,3,58,5
165,False,160,160,0,MEMBER,3,0,4,18,10,28,3
153,True,17,17,0,MEMBER,0,0,1,10,8,18,2
160,True,0,0,0,MEMBER,1,0,1,22,31,53,1
23,True,0,0,0,CONTRIBUTOR,0,0,1,1,1,2,1
11,True,0,0,0,CONTRIBUTOR,2,0,3,11,0,11,1
20,False,10,10,0,CONTRIBUTOR,0,0,1,11,0,11,1
13,True,0,0,0,CONTRIBUTOR,1,0,1,6,0,6,1
162,True,26,26,2,MEMBER,1,2,3,6,3,9,3
17,True,50,50,0,CONTRIBUTOR,0,0,4,21,19,40,15
52,False,0,0,0,CONTRIBUTOR,2,0,4,108,0,108,3
24,False,3,3,3,NONE,1,0,2,56,0,56,2
169,True,15,15,0,CONTRIBUTOR,0,0,1,11,0,11,1
177,False,0,0,0,CONTRIBUTOR,0,0,1,12,1,13,1
48,True,25,25,1,CONTRIBUTOR,4,0,3,1093,32,1125,4
8,True,1,1,0,CONTRIBUTOR,0,0,3,66,0,66,1
5,True,1,1,0,MEMBER,2,1,6,93,55,148,2
173,False,523,523,8,NONE,11,13,10,247,50,297,6
26,True,17,17,0,CONTRIBUTOR,3,0,3,12,0,12,1
5,False,0,0,0,MEMBER,0,0,0,0,0,0,0
4,True,0,0,0,MEMBER,0,0,0,0,0,0,0
5,True,0,0,0,CONTRIBUTOR,0,0,3,1,1,2,1
12,False,82,82,26,CONTRIBUTOR,6,0,28,377,80,457,25
207,False,0,0,0,NONE,1,0,13,213,0,213,3
14,True,46,46,0,CONTRIBUTOR,5,1,40,131,11,142,1
49,True,0,0,0,CONTRIBUTOR,0,0,1,3,3,6,1
9,True,5,5,0,CONTRIBUTOR,0,1,1,16,1,17,1
6,True,6,6,0,CONTRIBUTOR,0,0,5,8,8,16,3
12,True,7,7,0,CONTRIBUTOR,0,0,1,180,0,180,1
16,True,137,137,17,CONTRIBUTOR,9,21,9,97,2,99,1
166,True,21,21,0,MEMBER,0,0,1,553,562,1115,74
18,True,0,0,0,CONTRIBUTOR,0,0,2,4,0,4,1
32,True,47,47,22,CONTRIBUTOR,7,0,12,1512,1,1513,3
38,True,2,2,0,CONTRIBUTOR,0,0,2,3,2,5,1
3,True,0,0,0,CONTRIBUTOR,0,0,3,3,3,6,3
22,True,0,0,0,CONTRIBUTOR,0,0,48,2,2,4,1
12,True,0,0,0,CONTRIBUTOR,2,0,3,122,2,124,1
163,True,62,62,0,MEMBER,0,1,13,367,178,545,21
7,True,2,2,0,CONTRIBUTOR,0,0,4,10,7,17,1
7,True,0,0,0,MEMBER,0,0,2,9,10,19,2
168,True,11,11,9,MEMBER,3,1,2,8,0,8,1
16,True,19,19,0,CONTRIBUTOR,6,8,11,53,14,67,6
177,True,15,15,0,MEMBER,0,0,4,27,59,86,1
6,False,18,18,18,NONE,2,0,1,17,0,17,2
164,True,1,1,1,MEMBER,1,1,48,941,921,1862,39
163,True,0,0,0,MEMBER,0,0,1,5,4,9,1
168,True,0,0,0,CONTRIBUTOR,0,3,2,30,0,30,1
162,True,5,5,0,MEMBER,1,1,2,39,2,41,2
10,False,206,206,2,NONE,3,2,2,61,1,62,1
161,True,14,14,0,MEMBER,3,0,5,131,12,143,3
163,True,0,0,0,MEMBER,0,0,1,1,1,2,1
12,True,3,3,0,MEMBER,0,1,11,217,67,284,13
34,True,1,1,0,MEMBER,1,7,10,57,19,76,11
16,True,322,322,25,CONTRIBUTOR,19,61,37,178,0,178,10
161,True,0,0,0,MEMBER,0,0,1,5,5,10,1
160,True,0,0,0,MEMBER,0,0,1,17,9,26,1
11,True,0,0,0,CONTRIBUTOR,0,0,1,1,1,2,1
13,True,0,0,0,CONTRIBUTOR,0,2,5,16,0,16,1
165,False,19,19,0,MEMBER,1,0,4,101,24,125,13
21,True,79,79,10,CONTRIBUTOR,2,1,5,47,36,83,1
27,False,16,16,0,CONTRIBUTOR,0,2,5,44,12,56,4
5,True,2,2,0,CONTRIBUTOR,0,0,2,2,2,4,1
41,False,5,5,5,CONTRIBUTOR,1,0,3,0,28,28,1
28,True,0,0,0,CONTRIBUTOR,0,0,1,1,1,2,1
161,True,0,0,0,MEMBER,0,0,1,1,1,2,1
162,True,0,0,0,MEMBER,0,0,1,1,1,2,1
161,True,0,0,0,MEMBER,0,0,2,2,2,4,1
7,False,0,0,0,MEMBER,0,0,1,5,7,12,4
7,False,0,0,0,MEMBER,1,0,1,5,7,12,4
35,False,2,2,0,CONTRIBUTOR,6,0,20,156,5,161,3
161,True,2,2,0,MEMBER,0,0,8,90,51,141,5
186,True,163,163,1,CONTRIBUTOR,6,0,7,10,4,14,1
161,True,19,19,0,MEMBER,0,0,1,15,11,26,3
161,True,0,0,0,MEMBER,0,0,1,1,1,2,1
14,True,4,4,4,CONTRIBUTOR,1,0,1,1,1,2,1
199,False,21,21,0,CONTRIBUTOR,2,4,3,57,43,100,5
168,True,0,0,0,MEMBER,0,1,1,11,7,18,1
161,True,0,0,0,MEMBER,0,0,2,15,35,50,3
8,True,1,1,1,MEMBER,1,4,5,8,3,11,3
14,True,0,0,0,MEMBER,0,2,0,0,0,0,0
107,True,1,1,0,MEMBER,0,0,3,38,15,53,3
5,True,48,48,0,CONTRIBUTOR,6,2,29,49,1,50,1
177,False,11,11,10,MEMBER,4,0,2,2,1,3,1
114,False,0,0,0,CONTRIBUTOR,3,5,11,133,8,141,3
198,True,5,5,0,CONTRIBUTOR,11,5,4,17,6,23,1
7,False,190,190,3,NONE,2,0,1,132,0,132,1
10,True,29,29,17,CONTRIBUTOR,3,0,4,5,5,10,2
7,False,30,30,30,CONTRIBUTOR,1,0,1,5,1,6,1
181,False,0,0,0,NONE,3,0,1,2,2,4,1
28,True,33,33,0,CONTRIBUTOR,0,0,2,16,0,16,1
7,True,22,22,0,CONTRIBUTOR,1,0,2,9,1,10,1
24,False,0,0,0,CONTRIBUTOR,0,0,10,25,1,26,2
11,True,22,22,0,CONTRIBUTOR,0,2,17,30,0,30,1
179,True,68,68,8,CONTRIBUTOR,3,0,3,8,1,9,2
8,True,8,8,0,CONTRIBUTOR,1,0,4,190,1,191,3
14,True,27,27,12,CONTRIBUTOR,2,0,6,240,0,240,1
177,True,5,5,0,MEMBER,0,0,1,593,593,1186,5
32,False,40,40,0,CONTRIBUTOR,3,0,8,25,1,26,2
167,True,90,90,0,MEMBER,0,0,26,850,669,1519,22
10,True,1,1,0,CONTRIBUTOR,0,0,1,30,0,30,1
7,True,10,10,0,CONTRIBUTOR,3,0,25,147,152,299,14
6,True,4,4,0,CONTRIBUTOR,1,0,6,18,1,19,2
14,True,4,4,0,CONTRIBUTOR,0,0,2,120,0,120,1
161,True,13,13,0,MEMBER,0,2,15,778,99,877,18
167,True,13,13,0,MEMBER,0,0,1,1,1,2,1
156,True,24,24,15,MEMBER,2,1,1,14,12,26,1
27,True,0,0,0,CONTRIBUTOR,2,0,3,231,1,232,3
96,True,15,15,0,CONTRIBUTOR,4,5,11,27,11,38,1
11,True,1,1,0,CONTRIBUTOR,0,0,1,5,1,6,1
12,True,3,3,0,MEMBER,0,0,0,0,0,0,0
170,True,18,18,0,MEMBER,0,0,6,84,15,99,5
156,True,48,48,0,MEMBER,0,3,9,415,60,475,10
8,True,0,0,0,MEMBER,0,0,0,0,0,0,0
167,True,2,2,0,CONTRIBUTOR,3,77,1,463,1,464,1
61,True,2,2,0,CONTRIBUTOR,2,0,7,0,5,5,1
165,False,19,19,18,NONE,2,2,7,7,1,8,1
5,False,1,1,1,CONTRIBUTOR,1,0,4,17,0,17,2
31,True,3,3,0,CONTRIBUTOR,0,0,1,1,1,2,1
157,True,6,6,0,MEMBER,0,1,2,61,60,121,6
3,True,0,0,0,CONTRIBUTOR,1,0,43,3,2,5,1
4,True,28,28,7,CONTRIBUTOR,1,1,4,54,0,54,1
11,True,31,31,7,CONTRIBUTOR,1,4,7,1221,0,1221,4
26,True,0,0,0,CONTRIBUTOR,1,0,1,11,2,13,2
21,True,0,0,0,CONTRIBUTOR,0,0,8,7,1,8,1
52,True,15,15,0,CONTRIBUTOR,1,0,2,217,0,217,3
153,True,24,24,0,MEMBER,0,0,1,10,13,23,1
244,True,101,101,18,CONTRIBUTOR,11,0,17,330,4,334,12
194,True,17,17,6,CONTRIBUTOR,1,3,4,376,0,376,8
41,True,3,3,0,CONTRIBUTOR,0,0,1,25,1,26,1
171,True,143,143,3,CONTRIBUTOR,10,0,12,79,1,80,1
20,True,3,3,0,CONTRIBUTOR,0,0,1,1,1,2,1
8,False,15,15,0,CONTRIBUTOR,3,0,2,1,0,1,1
4,False,0,0,0,CONTRIBUTOR,1,1,1,1,0,1,1
8,True,0,0,0,CONTRIBUTOR,0,0,1,2,2,4,1
10,True,26,26,0,CONTRIBUTOR,0,4,5,6,0,6,1
13,False,47,47,0,CONTRIBUTOR,8,0,4,1276,0,1276,5
8,True,0,0,0,MEMBER,0,0,0,0,0,0,0
6,True,0,0,0,MEMBER,0,0,0,0,0,0,0
21,False,261,261,7,CONTRIBUTOR,2,0,3,1511,1,1512,3
4,True,8,8,0,MEMBER,0,0,0,0,0,0,0
158,True,27,27,27,MEMBER,1,0,4,102,22,124,10
163,True,27,27,0,MEMBER,0,1,1,19,18,37,2
51,True,30,30,0,CONTRIBUTOR,0,1,40,4,1,5,1
179,False,73,73,6,CONTRIBUTOR,5,26,7,518,1,519,14
161,True,0,0,0,MEMBER,0,0,1,1,4,5,1
163,True,0,0,0,MEMBER,0,0,1,29,1,30,3
161,True,4,4,0,MEMBER,0,0,1,2,0,2,1
189,True,15,15,0,MEMBER,0,0,1,33,2,35,1
6,True,0,0,0,CONTRIBUTOR,2,0,1,6,0,6,1
6,False,0,0,0,CONTRIBUTOR,1,0,2,6,0,6,1
21,True,15,15,14,CONTRIBUTOR,2,0,1,1,1,2,1
162,False,4,4,0,NONE,0,0,1,1,0,1,1
19,True,5,5,0,MEMBER,0,0,1,174,887,1061,2
122,True,71,71,0,CONTRIBUTOR,0,0,1,17,0,17,2
168,True,82,82,82,MEMBER,1,0,14,802,53,855,18
176,True,98,98,0,MEMBER,0,3,3,29,3,32,7
161,True,1,1,0,MEMBER,0,0,4,67,94,161,9
13,False,156,156,0,CONTRIBUTOR,3,0,3,6,0,6,1
164,True,15,15,0,MEMBER,0,0,1,5,0,5,1
157,True,16,16,0,MEMBER,0,0,2,310,461,771,13
12,False,365,365,21,NONE,2,0,1,6,0,6,1
171,True,42,42,41,MEMBER,1,0,4,60,3,63,5
164,True,0,0,0,MEMBER,0,0,3,12,5,17,5
14,True,0,0,0,MEMBER,2,2,5,20,0,20,2
168,True,0,0,0,MEMBER,0,0,1,5,7,12,3
78,True,44,44,44,CONTRIBUTOR,1,0,1,1,1,2,1
163,True,44,44,0,CONTRIBUTOR,6,2,20,104,2,106,1
3,True,0,0,0,COLLABORATOR,0,0,2,12,12,24,1
161,True,0,0,0,CONTRIBUTOR,0,0,2,6,0,6,1
164,True,0,0,0,CONTRIBUTOR,1,0,24,18,0,18,1
3,True,0,0,0,COLLABORATOR,0,0,1,24,5,29,1
27,True,18,18,8,CONTRIBUTOR,1,0,2,2,2,4,1
32,True,45,45,2,CONTRIBUTOR,3,3,7,683,53,736,2
192,False,32,32,0,NONE,2,1,3,17,0,17,2
5,True,33,33,0,MEMBER,0,0,0,0,0,0,0
164,True,0,0,0,MEMBER,0,0,1,14,2,16,3
89,True,1,1,0,CONTRIBUTOR,6,1,2,1,1,2,1
190,True,10,10,0,MEMBER,0,0,2,14,55,69,2
165,True,0,0,0,MEMBER,0,0,1,100,24,124,3
163,True,0,0,0,MEMBER,0,0,1,1,0,1,1
49,False,18,18,6,NONE,4,1,2,17,0,17,2
2,True,1,1,0,MEMBER,0,0,0,0,0,0,0
3,True,1,1,0,MEMBER,0,0,0,0,0,0,0
10,True,0,0,0,MEMBER,0,0,0,0,0,0,0
15,True,1,1,0,MEMBER,0,0,0,0,0,0,0
197,True,15,15,12,MEMBER,2,0,19,1074,141,1215,27
164,True,0,0,0,MEMBER,0,0,1,9,3,12,1
144,True,145,145,27,CONTRIBUTOR,7,10,18,114,19,133,2
12,True,1,1,1,MEMBER,1,0,4,77,41,118,3
164,True,1,1,0,CONTRIBUTOR,0,0,1,1,1,2,1
27,True,3,3,3,CONTRIBUTOR,1,0,1,52,1,53,3
163,True,40,40,0,MEMBER,0,2,3,115,28,143,7
3,True,0,0,0,COLLABORATOR,0,0,4,38,5,43,1
18,True,0,0,0,CONTRIBUTOR,1,0,5,68,20,88,1
162,True,1,1,0,MEMBER,0,1,5,193,94,287,8
5,True,0,0,0,MEMBER,0,1,0,0,0,0,0
16,True,2,2,0,MEMBER,2,1,12,257,41,298,3
161,True,0,0,0,MEMBER,0,1,3,69,40,109,6
6,True,4,4,0,MEMBER,0,0,0,0,0,0,0
6,True,1,1,0,MEMBER,0,0,0,0,0,0,0
163,True,88,88,2,MEMBER,2,2,2,65,54,119,17
176,False,20,20,20,NONE,1,0,1,189,199,388,1
163,True,44,44,44,CONTRIBUTOR,1,0,1,112,0,112,3
173,True,1,1,0,MEMBER,0,0,1,5,2,7,1
158,True,31,31,0,MEMBER,0,0,1,20,1,21,2
156,True,0,0,0,MEMBER,0,0,1,4,4,8,2
178,True,0,0,0,CONTRIBUTOR,0,0,1,0,2,2,2
39,True,23,23,0,CONTRIBUTOR,0,0,1,1,0,1,1
209,True,38,38,0,CONTRIBUTOR,0,0,1,29,23,52,1
116,False,460,460,26,NONE,3,13,9,56,34,90,7
166,False,19,19,0,MEMBER,0,0,1,14,45,59,3
162,True,98,98,0,MEMBER,3,5,12,631,23,654,15
30,True,1,1,0,MEMBER,4,8,17,124,1,125,6
10,True,21,21,2,CONTRIBUTOR,3,0,5,211,1,212,3
63,True,1,1,1,CONTRIBUTOR,1,0,24,9,2,11,2
167,True,4,4,0,CONTRIBUTOR,1,0,4,17,0,17,2
161,False,38,38,0,CONTRIBUTOR,4,0,3,17,0,17,2
12,True,27,27,17,CONTRIBUTOR,1,0,4,90,1,91,3
3,True,0,0,0,COLLABORATOR,2,0,12,60,4,64,1
34,False,10,10,0,CONTRIBUTOR,5,0,8,18,1,19,2
163,True,11,11,0,MEMBER,0,0,1,59,21,80,4
38,True,4,4,0,CONTRIBUTOR,0,0,1,2,2,4,1
4,False,23,23,23,CONTRIBUTOR,1,0,1,2,1,3,1
181,True,42,42,15,CONTRIBUTOR,3,1,3,244,1,245,3
161,True,39,39,26,MEMBER,1,0,4,154,18,172,4
189,True,41,41,0,CONTRIBUTOR,0,0,2,109,52,161,1
14,True,137,137,0,CONTRIBUTOR,5,2,4,211,0,211,3
9,False,2,2,0,CONTRIBUTOR,0,4,2,160,14,174,3
13,False,46,46,3,CONTRIBUTOR,6,0,7,54,0,54,4
168,True,65,65,2,CONTRIBUTOR,2,2,3,18,0,18,1
20,True,8,8,8,CONTRIBUTOR,1,0,1,18,0,18,2
171,True,15,15,15,MEMBER,1,0,1,8,3,11,2
24,True,23,23,3,CONTRIBUTOR,2,0,9,81,59,140,1
25,True,4,4,0,CONTRIBUTOR,0,0,1,1,1,2,1
165,False,6,6,6,NONE,1,0,3,17,0,17,2
153,True,0,0,0,MEMBER,0,0,1,0,78,78,1
10,False,14,14,5,CONTRIBUTOR,8,0,5,22,0,22,2
159,False,2,2,2,MEMBER,1,0,3,36,13,49,3
1,False,0,0,0,MEMBER,0,0,3,36,13,49,3
23,True,3,3,0,CONTRIBUTOR,3,0,5,9,3,12,1
1,False,0,0,0,MEMBER,0,0,1,1,0,1,1
28,True,1,1,0,CONTRIBUTOR,1,0,3,2,2,4,1
120,True,48,48,3,CONTRIBUTOR,7,2,11,208,100,308,3
190,True,51,51,11,MEMBER,1,0,10,123,44,167,12
15,True,1,1,0,CONTRIBUTOR,0,5,1,149,7,156,5
165,True,1,1,0,MEMBER,0,2,1,12,11,23,72
164,True,6,6,2,MEMBER,2,4,6,22,7,29,4
160,True,0,0,0,MEMBER,0,0,3,3,5,8,2
164,True,3,3,0,MEMBER,0,2,2,67,76,143,18
39,True,3,3,0,CONTRIBUTOR,0,12,1,40,6,46,4
43,True,40,40,0,CONTRIBUTOR,6,6,10,33,16,49,11
25,True,47,47,0,CONTRIBUTOR,7,0,1,2,2,4,1
163,True,7,7,0,MEMBER,0,1,2,106,113,219,6
50,False,1,1,0,CONTRIBUTOR,0,13,0,0,0,0,0
45,False,0,0,0,CONTRIBUTOR,0,0,3,26,20,46,6
50,False,0,0,0,CONTRIBUTOR,0,0,2,16,37,53,6
36,True,31,31,7,CONTRIBUTOR,1,0,2,6,0,6,1
161,True,0,0,0,MEMBER,0,1,3,41,45,86,2
3,True,0,0,0,MEMBER,0,2,10,87,99,186,8
161,True,0,0,0,MEMBER,0,0,1,46,47,93,4
161,True,0,0,0,MEMBER,0,0,2,74,73,147,3
157,False,0,0,0,MEMBER,0,1,3,74,73,147,3
22,True,1,1,1,CONTRIBUTOR,2,0,3,1,1,2,2
165,False,0,0,0,CONTRIBUTOR,0,0,1,5,0,5,1
81,True,22,22,0,CONTRIBUTOR,1,0,1,2,0,2,1
9,True,23,23,0,MEMBER,0,0,0,0,0,0,0
161,True,0,0,0,MEMBER,0,0,1,1,0,1,1
153,True,20,20,0,CONTRIBUTOR,0,0,1,0,1,1,1
187,True,24,24,0,CONTRIBUTOR,0,0,4,236,0,236,3
201,True,34,34,8,CONTRIBUTOR,1,0,1,201,1,202,3
172,True,11,11,0,CONTRIBUTOR,0,0,1,6,0,6,1
173,True,18,18,18,NONE,1,0,8,43,7,50,1
65,True,106,106,19,CONTRIBUTOR,2,0,2,22,0,22,2
18,True,20,20,0,CONTRIBUTOR,0,0,1,6,0,6,1
40,True,27,27,0,CONTRIBUTOR,0,0,1,50,106,156,1
5,True,26,26,0,CONTRIBUTOR,0,0,1,1,1,2,1
18,True,4,4,4,CONTRIBUTOR,1,0,2,49,0,49,3
158,True,7,7,0,CONTRIBUTOR,0,0,3,19,1,20,1
174,True,214,214,179,MEMBER,2,0,9,52,87,139,7
90,True,0,0,0,CONTRIBUTOR,1,0,1,1,1,2,1
83,True,0,0,0,CONTRIBUTOR,0,0,1,1,1,2,1
9,True,0,0,0,CONTRIBUTOR,0,0,1,1,1,2,1
105,True,10,10,10,CONTRIBUTOR,1,0,1,1,1,2,1
190,True,9,9,9,CONTRIBUTOR,1,0,1,1,1,2,1
11,True,87,87,0,MEMBER,0,0,0,0,0,0,0
5,False,261,261,0,MEMBER,1,0,14,67,66,133,7
24,True,2,2,1,MEMBER,1,4,8,385,6,391,8
162,True,11,11,0,MEMBER,7,0,5,20,42,62,150
177,True,0,0,0,MEMBER,0,0,1,25,6,31,9
13,True,24,24,10,MEMBER,3,2,19,285,25,310,14
204,True,11,11,11,CONTRIBUTOR,4,0,2,346,1,347,4
61,False,68,68,9,NONE,4,0,1,13,0,13,1
42,True,21,21,0,MEMBER,0,0,12,418,128,546,12
3,True,117,117,0,MEMBER,0,2,0,0,0,0,0
7,True,28,28,0,MEMBER,0,0,0,0,0,0,0
27,True,51,51,8,MEMBER,6,5,0,0,0,0,0
5,True,50,50,0,MEMBER,0,0,0,0,0,0,0
161,True,1,1,0,CONTRIBUTOR,0,0,1,12,0,12,1
5,True,0,0,0,MEMBER,0,0,0,0,0,0,0
160,True,6,6,0,MEMBER,0,0,1,13,11,24,1
67,False,13,13,13,CONTRIBUTOR,1,0,1,1,1,2,1
160,False,74,74,0,NONE,2,0,1,12,0,12,1
165,True,1,1,0,MEMBER,0,0,2,1,3,4,1
167,True,31,31,22,CONTRIBUTOR,3,3,5,23,0,23,1
215,False,35,35,0,NONE,3,0,1,3,6,9,1
11,True,45,45,0,MEMBER,0,4,4,202,155,357,4
9,True,41,41,0,MEMBER,0,7,7,202,161,363,5
172,True,90,90,0,CONTRIBUTOR,0,4,5,1222,0,1222,4
8,True,114,114,0,MEMBER,1,0,0,0,0,0,0
162,True,18,18,3,CONTRIBUTOR,3,0,2,212,0,212,3
202,False,38,38,38,NONE,1,0,1,34,0,34,3
16,False,19,19,16,CONTRIBUTOR,2,0,5,1010,1,1011,3
12,True,16,16,0,CONTRIBUTOR,0,0,5,3,3,6,1
58,True,75,75,0,MEMBER,1,0,0,0,0,0,0
81,True,33,33,9,CONTRIBUTOR,8,0,2,4,4,8,3
6,True,114,114,0,MEMBER,1,25,0,0,0,0,0
7,False,54,54,0,MEMBER,1,4,0,0,0,0,0
10,True,123,123,0,MEMBER,1,8,0,0,0,0,0
6,False,15,15,3,MEMBER,1,2,0,0,0,0,0
164,True,60,60,0,CONTRIBUTOR,0,0,1,1,1,2,1
14,True,2,2,0,CONTRIBUTOR,0,0,1,184,1,185,3
167,True,0,0,0,CONTRIBUTOR,0,0,1,1,1,2,1
85,True,5,5,0,CONTRIBUTOR,0,0,3,371,0,371,3
2,False,9,9,9,MEMBER,1,0,0,0,0,0,0
9,False,11,11,0,NONE,1,0,1,11,0,11,1
157,True,2,2,0,MEMBER,0,0,1,15,25,40,1
46,True,19,19,0,CONTRIBUTOR,0,0,1,11,0,11,1
52,True,0,0,0,CONTRIBUTOR,0,0,2,2,0,2,1
86,True,52,52,0,MEMBER,0,4,50,625,535,1160,189
71,False,2,2,2,NONE,2,0,3,10,6,16,8
167,True,17,17,0,MEMBER,0,0,1,96,106,202,6
194,True,42,42,23,CONTRIBUTOR,2,0,1,2010,1,2011,3
5,True,1,1,0,MEMBER,0,0,0,0,0,0,0
11,True,218,218,27,CONTRIBUTOR,4,0,3,17,0,17,2
98,True,145,145,143,CONTRIBUTOR,5,17,5,68,3,71,3
163,True,27,27,0,MEMBER,0,8,2,808,779,1587,19
221,False,22,22,17,NONE,2,0,1,206,0,206,1
1,False,1,1,0,MEMBER,0,0,4,13,15,28,3
61,True,2,2,0,CONTRIBUTOR,0,0,10,3,1,4,1
18,True,0,0,0,CONTRIBUTOR,0,0,1,3,1,4,1
4,True,1,1,0,MEMBER,0,0,1,8,9,17,1
159,False,395,395,1,NONE,9,0,6,2217,1,2218,2
162,False,0,0,0,NONE,0,0,5,2221,1,2222,2
159,False,4,4,0,NONE,0,0,2,209,1,210,1
31,True,29,29,0,MEMBER,1,23,0,0,0,0,0
25,True,39,39,36,CONTRIBUTOR,1,2,6,25,1,26,1
152,True,2,2,0,MEMBER,0,1,2,60,19,79,4
160,True,0,0,0,MEMBER,0,0,1,32,35,67,6
171,True,1,1,0,MEMBER,0,0,0,0,0,0,0
18,True,6,6,0,CONTRIBUTOR,0,0,2,2,2,4,1
175,False,41,41,4,MEMBER,2,1,2,1949,603,2552,103
181,True,14,14,0,MEMBER,0,4,3,600,16,616,11
31,True,74,74,6,CONTRIBUTOR,3,0,7,214,0,214,3
9,False,348,348,37,NONE,4,11,5,91,1,92,1
18,True,4,4,0,CONTRIBUTOR,0,0,1,256,256,512,4
173,True,1,1,0,CONTRIBUTOR,1,0,1,1,0,1,1
169,True,34,34,0,MEMBER,0,10,10,171,95,266,12
9,True,0,0,0,CONTRIBUTOR,0,0,1,2,2,4,1
160,False,119,119,3,NONE,1,0,2,208,1,209,1
168,False,2,2,1,NONE,1,0,2,209,1,210,1
21,False,28,28,5,NONE,8,0,1,21,1,22,2
160,True,18,18,0,MEMBER,0,0,1,24,5,29,4
155,True,0,0,0,MEMBER,0,0,6,64,5,69,5
16,True,90,90,22,CONTRIBUTOR,2,9,12,926,856,1782,8
185,True,0,0,0,MEMBER,0,0,1,16,23,39,1
161,True,0,0,0,MEMBER,0,0,1,1,1,2,1
158,True,15,15,0,MEMBER,1,3,4,3083,38,3121,7
33,True,30,30,16,CONTRIBUTOR,1,0,17,645,718,1363,8
155,True,5,5,0,MEMBER,0,0,1,0,123,123,2
66,True,39,39,0,MEMBER,1,15,0,0,0,0,0
14,True,45,45,0,MEMBER,0,22,58,178,148,326,7
28,False,475,475,0,MEMBER,2,1,0,0,0,0,0
162,True,14,14,12,MEMBER,2,0,2,2228,427,2655,9
54,True,35,35,0,MEMBER,0,12,47,1364,760,2124,35
162,True,13,13,0,NONE,0,0,3,4,4,8,1
155,True,0,0,0,MEMBER,0,0,1,1,1,2,1
153,True,0,0,0,MEMBER,0,0,1,137,3430,3567,4
165,True,1,1,0,MEMBER,0,0,4,812,36,848,7
22,True,45,45,3,CONTRIBUTOR,2,1,5,42,0,42,2
158,True,6,6,0,MEMBER,0,0,1,0,2,2,1
169,True,0,0,0,MEMBER,0,0,3,4,2,6,1
162,True,0,0,0,MEMBER,0,0,1,20,9,29,1
165,True,0,0,0,MEMBER,0,0,1,6,1,7,1
14,True,1,1,0,CONTRIBUTOR,0,0,1,5,5,10,1
153,True,3,3,0,MEMBER,0,0,2,110,152,262,8
164,True,11,11,0,MEMBER,0,5,5,103,102,205,10
18,True,4,4,0,MEMBER,3,1,8,81,44,125,17
165,True,19,19,0,MEMBER,0,0,5,216,61,277,7
13,True,0,0,0,CONTRIBUTOR,0,2,3,4,1,5,1
158,True,1,1,0,MEMBER,0,2,2,12,0,12,1
11,True,0,0,0,MEMBER,0,5,2,31,20,51,5
8,False,553,553,385,MEMBER,1,4,11,199,250,449,20
160,True,7,7,0,NONE,0,0,1,5,5,10,1
160,False,0,0,0,NONE,0,0,2,2,2,4,1
177,False,11,11,0,CONTRIBUTOR,0,1,6,8,2,10,1
26,True,11,11,0,CONTRIBUTOR,0,0,1,1,1,2,1
165,True,19,19,0,MEMBER,0,0,1,1,1,2,1
155,True,26,26,0,MEMBER,0,0,6,207,101,308,6
4,True,0,0,0,MEMBER,0,0,2,2,2,4,3
8,True,0,0,0,MEMBER,0,2,7,20,1,21,2
3,True,0,0,0,COLLABORATOR,0,0,2,29,5,34,1
155,True,0,0,0,MEMBER,0,0,1,48,48,96,48
16,True,1,1,0,CONTRIBUTOR,0,0,2,11,17,28,1
31,True,2,2,0,CONTRIBUTOR,0,0,8,302,0,302,4
21,False,0,0,0,NONE,4,0,9,13,0,13,3
159,False,0,0,0,NONE,0,0,5,13,0,13,3
25,True,0,0,0,MEMBER,1,0,1,351,178,529,35
3,True,0,0,0,MEMBER,0,1,3,21,2,23,3
15,True,29,29,0,CONTRIBUTOR,0,2,7,63,58,121,6
9,True,0,0,0,CONTRIBUTOR,0,0,1,1,1,2,1
155,True,5,5,0,MEMBER,0,0,1,1,2,3,1
3,False,0,0,0,COLLABORATOR,0,0,1,35,5,40,1
157,True,0,0,0,MEMBER,0,0,1,30,3,33,2
161,True,0,0,0,MEMBER,0,3,3,15,1,16,3
167,True,3,3,0,MEMBER,0,0,3,54,40,94,5
153,True,6,6,0,MEMBER,0,0,1,76,55,131,3
29,True,7,7,1,CONTRIBUTOR,1,2,2,12,1,13,1
9,True,0,0,0,MEMBER,0,2,0,0,0,0,0
6,False,8,8,1,NONE,2,0,1,0,17,17,7
163,True,34,34,0,MEMBER,0,1,12,392,47,439,11
158,True,1,1,0,MEMBER,0,0,3,81,80,161,7
170,True,1,1,0,MEMBER,0,1,4,51,37,88,10
159,True,0,0,0,MEMBER,0,0,1,7,13,20,2
153,True,0,0,0,MEMBER,0,0,1,2,2,4,2
96,True,7,7,0,CONTRIBUTOR,0,2,18,1272,202,1474,5
162,False,0,0,0,NONE,0,0,2,76,10,86,9
162,True,19,19,0,MEMBER,0,0,4,254,21,275,6
111,False,181,181,181,MEMBER,1,2,6,789,88,877,19
167,True,7,7,0,MEMBER,0,0,1,1,42,43,2
173,True,33,33,0,MEMBER,0,4,6,292,60,352,6
163,True,0,0,0,MEMBER,0,0,2,15,0,15,4
14,True,14,14,13,MEMBER,3,7,20,557,20,577,10
149,True,0,0,0,MEMBER,0,0,1,5,0,5,1
67,True,0,0,0,CONTRIBUTOR,1,1,7,84,0,84,1
157,True,44,44,0,MEMBER,0,3,4,52,54,106,16
162,False,1,1,1,MEMBER,2,0,1,4684,1,4685,140
159,True,0,0,0,MEMBER,0,0,1,0,21,21,2
154,True,0,0,0,MEMBER,0,0,1,0,1,1,1
172,True,1,1,0,MEMBER,0,0,3,115,63,178,8
209,True,3,3,0,CONTRIBUTOR,2,2,3,18,88,106,1
155,True,4,4,0,MEMBER,0,1,3,150,203,353,3
164,True,0,0,0,MEMBER,0,1,3,57,32,89,1
175,True,2,2,0,CONTRIBUTOR,0,0,8,215,0,215,3
175,False,509,509,7,CONTRIBUTOR,10,0,30,20,20,40,3
161,True,12,12,0,MEMBER,0,10,5,181,259,440,16
160,True,10,10,0,MEMBER,0,4,1,23,7,30,3
34,False,427,427,0,NONE,4,0,3,16,0,16,2
159,True,1,1,0,MEMBER,0,0,1,45,51,96,34
154,True,4,4,0,MEMBER,0,0,5,275,126,401,12
19,True,1,1,0,CONTRIBUTOR,0,0,1,6,0,6,1
4,True,0,0,0,MEMBER,2,4,5,70,7,77,3
163,True,0,0,0,MEMBER,0,0,1,48,0,48,4
163,True,3,3,0,MEMBER,0,3,4,36,11,47,4
160,True,0,0,0,MEMBER,0,0,1,1,1,2,1
180,True,0,0,0,CONTRIBUTOR,0,0,2,1,1,2,1
155,True,19,19,0,MEMBER,0,1,4,711,66,777,14
18,True,3,3,1,MEMBER,1,6,9,250,224,474,9
175,False,211,211,5,MEMBER,8,21,50,1525,2136,3661,44
159,True,9,9,7,MEMBER,1,2,9,963,31,994,4
160,True,1,1,0,MEMBER,0,0,3,214,154,368,8
162,True,16,16,0,MEMBER,0,0,3,430,212,642,9
164,True,4,4,0,MEMBER,0,0,2,4,4,8,1
153,False,0,0,0,MEMBER,0,0,2,6,1,7,2
163,True,0,0,0,MEMBER,0,0,1,4,4,8,2
166,True,0,0,0,MEMBER,1,0,1,4,3,7,1
68,True,3,3,0,MEMBER,0,0,15,90,16,106,10
179,True,37,37,0,MEMBER,1,2,3,127,71,198,5
102,False,285,285,1,MEMBER,12,29,0,0,0,0,0
176,True,19,19,0,MEMBER,0,4,1,40,39,79,5
185,True,22,22,0,MEMBER,0,3,4,64,64,128,5
185,True,3,3,0,CONTRIBUTOR,0,0,1,0,232,232,1
183,True,6,6,0,MEMBER,0,0,2,26,25,51,7
30,True,7,7,0,CONTRIBUTOR,0,1,15,75,1,76,3
157,True,0,0,0,MEMBER,0,0,1,16,13,29,8
165,True,0,0,0,MEMBER,0,0,1,43,4,47,7
169,True,0,0,0,MEMBER,0,0,1,6,6,12,2
25,True,0,0,0,CONTRIBUTOR,0,0,1,2,2,4,1
217,True,4,4,0,CONTRIBUTOR,5,0,3,18,51,69,1
209,False,271,271,268,CONTRIBUTOR,2,0,1,29,39,68,1
169,True,3,3,0,MEMBER,0,2,1,330,237,567,11
185,True,2,2,0,CONTRIBUTOR,11,9,6,56,44,100,4
175,True,14,14,0,MEMBER,0,0,7,178,2296,2474,15
165,True,0,0,0,MEMBER,1,0,1,2,21,23,3
159,True,0,0,0,MEMBER,1,0,1,6,0,6,1
124,True,13,13,0,CONTRIBUTOR,0,4,2,8,7,15,1
151,True,0,0,0,MEMBER,0,0,7,25,3,28,5
42,True,0,0,0,CONTRIBUTOR,0,0,1,80,1,81,1
166,True,0,0,0,MEMBER,0,2,3,6,0,6,1
32,True,9,9,0,CONTRIBUTOR,0,0,2,16,0,16,2
280,True,115,115,35,MEMBER,6,10,17,657,557,1214,5
20,True,14,14,0,CONTRIBUTOR,0,0,1,1220,0,1220,4
163,True,3,3,0,MEMBER,0,0,1,1,0,1,1
151,True,4,4,0,MEMBER,0,2,5,160,176,336,9
27,True,2,2,0,CONTRIBUTOR,0,0,1,2,2,4,1
24,True,1,1,0,CONTRIBUTOR,0,5,17,99,3,102,9
159,True,0,0,0,MEMBER,0,0,4,6,6,12,4
210,True,1,1,0,MEMBER,0,2,15,39,8,47,5
162,True,0,0,0,MEMBER,0,0,1,129,235,364,8
156,True,0,0,0,MEMBER,0,1,6,235,316,551,5
23,True,1,1,0,CONTRIBUTOR,0,0,1,4,4,8,1
165,True,13,13,0,MEMBER,0,0,10,348,17,365,4
163,True,0,0,0,CONTRIBUTOR,0,0,1,1,1,2,1
166,True,191,191,0,MEMBER,0,3,34,989,681,1670,40
170,True,0,0,0,MEMBER,0,0,1,6,4,10,2
163,False,37,37,0,NONE,2,2,3,12,1,13,1
196,False,379,379,11,CONTRIBUTOR,5,0,3,39,0,39,1
159,True,0,0,0,MEMBER,2,0,15,6,1,7,2
156,True,0,0,0,MEMBER,0,0,2,111,90,201,6
159,False,0,0,0,MEMBER,0,0,1,1,1,2,1
159,True,1,1,0,MEMBER,0,0,12,283,216,499,4
4,True,0,0,0,MEMBER,0,0,38,1578,501,2079,18
158,True,0,0,0,MEMBER,0,0,2,183,240,423,9
35,False,0,0,0,NONE,4,0,1,752,0,752,2
28,True,10,10,0,MEMBER,0,0,1,14,14,28,5
160,False,0,0,0,MEMBER,0,0,3,5,0,5,1
162,True,18,18,0,MEMBER,0,2,5,133,111,244,10
158,True,0,0,0,MEMBER,0,0,4,97,120,217,11
15,True,11,11,11,CONTRIBUTOR,2,1,2,19,1,20,1
81,True,12,12,12,CONTRIBUTOR,1,4,3,121,1,122,4
17,True,5,5,3,CONTRIBUTOR,1,0,9,665,652,1317,63
187,True,6,6,0,MEMBER,0,0,1,341,88,429,15
154,True,3,3,0,MEMBER,0,0,2,325,69,394,15
153,True,3,3,0,MEMBER,0,0,4,562,580,1142,26
152,False,0,0,0,MEMBER,0,0,12,838,825,1663,46
6,True,22,22,0,MEMBER,0,0,0,0,0,0,0
12,True,0,0,0,CONTRIBUTOR,0,0,1,2,2,4,1
183,False,33,33,3,MEMBER,4,0,4,23,3,26,2
6,True,8,8,0,MEMBER,0,0,0,0,0,0,0
30,True,17,17,1,CONTRIBUTOR,1,0,2,2,2,4,1
152,True,0,0,0,MEMBER,0,0,1,0,4,4,1
15,True,139,139,39,MEMBER,3,10,29,1348,926,2274,41
25,True,39,39,0,CONTRIBUTOR,0,2,7,12,0,12,1
172,True,0,0,0,MEMBER,0,0,2,150,99,249,11
4,True,1,1,0,MEMBER,0,0,1,42,42,84,11
13,True,0,0,0,CONTRIBUTOR,0,0,1,12,0,12,1
164,True,13,13,0,MEMBER,0,1,1,80,80,160,13
11,True,18,18,0,MEMBER,0,0,11,1796,246,2042,19
162,True,0,0,0,MEMBER,0,0,1,3,1,4,1
156,False,0,0,0,MEMBER,0,0,2,3,2,5,1
9,False,4,4,4,MEMBER,1,0,2,1,91,92,3
152,True,0,0,0,MEMBER,0,0,2,205,0,205,4
31,True,3,3,3,MEMBER,1,0,2,31,26,57,2
29,True,9,9,5,MEMBER,1,2,9,98,92,190,42
8,True,0,0,0,CONTRIBUTOR,0,0,1,2,2,4,1
7,True,0,0,0,MEMBER,0,0,4,18,17,35,2
7,True,0,0,0,MEMBER,0,0,2,11,10,21,3
54,True,64,64,17,CONTRIBUTOR,2,3,16,63,4,67,3
9,True,21,21,0,CONTRIBUTOR,0,0,3,1058,20,1078,11
8,True,0,0,0,MEMBER,1,0,0,0,0,0,0
8,True,48,48,2,MEMBER,4,0,0,0,0,0,0
29,False,44,44,15,CONTRIBUTOR,9,0,10,20,0,20,2
28,False,0,0,0,NONE,1,0,2,16,0,16,2
193,False,98,98,0,MEMBER,1,1,7,158,69,227,8
14,True,6,6,29,CONTRIBUTOR,2,0,1,20,0,20,1
162,True,0,0,0,MEMBER,0,0,2,21,4,25,2
32,True,0,0,0,CONTRIBUTOR,0,0,4,3,3,6,1
27,True,9,9,0,MEMBER,0,0,1,3690,34,3724,100
36,True,11,11,52,CONTRIBUTOR,1,0,2,16,0,16,2
153,True,1,1,0,MEMBER,0,0,1,4,2,6,1
156,True,0,0,0,MEMBER,0,0,6,5,22,27,6
149,True,0,0,0,MEMBER,0,0,2,30,1,31,3
158,True,0,0,0,MEMBER,0,0,1,245,497,742,16
165,True,3,3,0,CONTRIBUTOR,0,0,37,31,7,38,1
43,False,9,9,9,CONTRIBUTOR,4,0,27,32,1,33,4
61,True,21,21,18,MEMBER,2,0,5,972,53,1025,6
58,True,132,132,6,CONTRIBUTOR,11,29,9,122,105,227,11
185,True,3,3,0,CONTRIBUTOR,0,0,1,55,0,55,2
171,True,26,26,0,MEMBER,0,3,10,258,298,556,16
34,False,19,19,1,CONTRIBUTOR,2,0,1,11,3,14,1
189,False,642,642,3,CONTRIBUTOR,11,3,28,195,0,195,1
81,False,17,17,130,CONTRIBUTOR,8,0,1,2,1,3,1
162,True,37,37,0,MEMBER,0,0,1,87,26,113,3
157,True,0,0,0,MEMBER,0,0,1,1,1,2,1
3,False,0,0,0,COLLABORATOR,0,0,224,72,79,151,5
17,True,5,5,0,CONTRIBUTOR,0,0,1,1,1,2,1
24,False,8,8,8,CONTRIBUTOR,1,0,24,33,1,34,4
184,True,19,19,0,MEMBER,0,2,8,235,152,387,18
6,True,33,33,0,CONTRIBUTOR,10,2,7,16,0,16,2
31,True,0,0,0,CONTRIBUTOR,1,0,2,12,0,12,1
89,True,4,4,0,CONTRIBUTOR,0,0,1,1,1,2,1
152,True,13,13,0,MEMBER,0,2,7,112,3,115,2
2,False,3,3,0,CONTRIBUTOR,1,0,1,0,13,13,1
43,True,32,32,0,CONTRIBUTOR,10,14,21,16,0,16,2
171,True,13,13,8,MEMBER,2,2,3,145,79,224,7
165,True,0,0,0,CONTRIBUTOR,0,0,1,39,1,40,2
25,True,4,4,0,CONTRIBUTOR,0,0,2,4,1,5,1
184,True,14,14,0,MEMBER,0,3,5,130,71,201,5
9,True,0,0,0,CONTRIBUTOR,0,0,1,213,0,213,3
158,True,3,3,0,MEMBER,0,2,13,131,7,138,12
9,True,3,3,0,CONTRIBUTOR,0,0,1,54,0,54,1
48,True,0,0,0,MEMBER,0,0,1,13,13,26,1
13,True,4,4,0,CONTRIBUTOR,0,0,1,12,0,12,1
73,True,6,6,0,MEMBER,2,0,5,4997,2,4999,5
19,False,6,6,6,CONTRIBUTOR,3,0,6,34,0,34,3
161,True,22,22,0,CONTRIBUTOR,0,0,11,12,9,21,2
181,True,26,26,0,MEMBER,9,1,20,435,48,483,16
21,True,0,0,0,CONTRIBUTOR,1,0,1,1,1,2,1
53,False,507,507,339,CONTRIBUTOR,1,0,2,10,13,23,1
3,True,4,4,0,CONTRIBUTOR,0,0,4,18,0,18,2
182,True,19,19,11,MEMBER,7,15,6,151,0,151,6
48,True,22,22,0,CONTRIBUTOR,0,2,9,25,0,25,2
168,True,1,1,0,MEMBER,0,0,2,31,41,72,6
168,False,0,0,0,MEMBER,0,0,14,31,41,72,6
367,True,24,24,0,CONTRIBUTOR,0,0,1,3,3,6,1
7,True,0,0,0,CONTRIBUTOR,0,0,2,83,0,83,2
170,True,42,42,0,MEMBER,1,12,11,120,105,225,5
160,True,0,0,0,MEMBER,0,1,4,29,26,55,2
70,False,0,0,0,NONE,1,0,1,71,0,71,2
181,True,6,6,0,CONTRIBUTOR,0,0,1,1,1,2,1
15,True,11,11,0,CONTRIBUTOR,0,0,1,11,0,11,1
161,True,24,24,0,NONE,0,0,1,60,0,60,1
197,True,37,37,5,COLLABORATOR,3,0,3,21,20,41,2
167,True,8,8,0,CONTRIBUTOR,0,0,1,3,1,4,1
1443,True,59,59,0,CONTRIBUTOR,0,0,1,104,4,108,2
8,True,1,1,0,CONTRIBUTOR,0,0,3,84,1,85,3
6,True,6,6,0,CONTRIBUTOR,0,0,1,24,0,24,1
8,True,16,16,0,CONTRIBUTOR,0,0,1,72,1,73,3
160,False,0,0,0,NONE,0,0,1,6,1,7,1
161,False,0,0,0,NONE,0,0,1,11,0,11,1
32,True,17,17,0,CONTRIBUTOR,0,2,5,9,0,9,1
181,True,17,17,0,CONTRIBUTOR,0,0,24,1,1,2,1
37,True,23,23,28,CONTRIBUTOR,3,0,4,37,0,37,2
75,True,27,27,0,CONTRIBUTOR,0,0,2,2,2,4,1
184,False,787,787,0,NONE,4,1,3,16,0,16,2
54,False,839,839,45,COLLABORATOR,5,8,20,260,76,336,13
66,False,2,2,0,COLLABORATOR,0,0,4,149,27,176,9
444,True,0,0,0,CONTRIBUTOR,0,0,1,3,3,6,1
11,True,58,58,0,CONTRIBUTOR,0,0,1,1,1,2,1
64,True,67,67,11,CONTRIBUTOR,2,2,6,28,0,28,2
2,True,0,0,0,MEMBER,0,0,1,1,1,2,1
20,True,1,1,0,CONTRIBUTOR,0,0,1,9,9,18,1
27,False,11,11,5,MEMBER,4,0,1,16,0,16,2
166,True,16,16,0,CONTRIBUTOR,0,0,1,97,4,101,1
50,True,23,23,0,CONTRIBUTOR,1,0,4,16,0,16,2
14,False,0,0,0,NONE,1,0,1,9,0,9,1
73,True,2,2,0,CONTRIBUTOR,3,0,8,65,0,65,2
29,True,17,17,0,CONTRIBUTOR,0,0,1,1,1,2,1
8,True,66,66,0,CONTRIBUTOR,1,0,4,1009,1,1010,3
163,True,76,76,0,CONTRIBUTOR,0,0,22,15,15,30,1
65,True,89,89,55,CONTRIBUTOR,2,0,19,57,0,57,4
23,True,7,7,0,CONTRIBUTOR,1,0,4,24,0,24,1
213,True,114,114,17,CONTRIBUTOR,3,5,6,38,1,39,2
214,False,26,26,0,CONTRIBUTOR,3,0,9,26,1,27,2
22,True,118,118,0,NONE,0,0,1,1,1,2,1
62,False,118,118,92,CONTRIBUTOR,2,0,2,10,0,10,1
3,True,0,0,0,COLLABORATOR,0,0,224,72,79,151,5
32,True,5,5,0,CONTRIBUTOR,0,0,1,27,0,27,2
16,True,6,6,0,CONTRIBUTOR,0,0,1,22,0,22,1
70,True,1,1,1,CONTRIBUTOR,1,0,2,12,6,18,1
26,True,8,8,0,COLLABORATOR,0,0,1,0,1,1,1
61,True,9,9,0,COLLABORATOR,1,0,1,4,0,4,1
64,True,9,9,0,COLLABORATOR,0,0,1,2,2,4,1
31,True,9,9,0,COLLABORATOR,0,0,1,2,2,4,1
167,True,12,12,0,CONTRIBUTOR,0,0,15,56,2,58,1
24,True,19,19,0,CONTRIBUTOR,0,0,1,238,1,239,3
56,True,0,0,0,COLLABORATOR,2,0,1,1,1,2,1
60,True,17,17,0,COLLABORATOR,1,0,2,35,9,44,1
38,True,24,24,0,CONTRIBUTOR,0,0,3,202,4,206,1
119,True,24,24,0,CONTRIBUTOR,1,0,3,75,99,174,1
23,True,46,46,0,MEMBER,0,0,2,1,1,2,1
47,True,58,58,0,CONTRIBUTOR,0,0,2,135,3,138,1
95,True,69,69,0,CONTRIBUTOR,0,0,1,1,1,2,1
27,True,71,71,0,CONTRIBUTOR,0,0,2,12,15,27,1
242,True,0,0,0,CONTRIBUTOR,0,0,2,2,2,4,3
173,True,1,1,0,CONTRIBUTOR,0,0,1,8,0,8,1
53,True,16,16,0,MEMBER,0,0,2,1,0,1,1
161,True,1,1,0,CONTRIBUTOR,0,0,8,2,8,10,1
166,True,1,1,0,CONTRIBUTOR,0,0,1,4,4,8,1
166,True,2,2,0,CONTRIBUTOR,0,0,1,2,2,4,1
17,True,16,16,0,MEMBER,0,0,1,4,0,4,1
7,True,32,32,0,CONTRIBUTOR,0,0,1,23,0,23,1
162,True,58,58,0,CONTRIBUTOR,1,0,4,31,1,32,1
13,False,1,1,1,CONTRIBUTOR,2,0,1,21,0,21,2
32,True,1,1,0,CONTRIBUTOR,0,0,3,117,12,129,8
12,True,0,0,0,CONTRIBUTOR,0,0,1,2,2,4,1
301,True,70,70,87,CONTRIBUTOR,2,0,11,42,5,47,1
61,True,17,17,0,CONTRIBUTOR,0,0,1,5,1,6,1
125,True,18,18,6,MEMBER,1,0,1,7,5,12,1
153,True,18,18,0,CONTRIBUTOR,0,0,1,5,0,5,1
3,True,0,0,0,COLLABORATOR,0,0,223,161,5,166,1
160,True,18,18,0,CONTRIBUTOR,1,0,1,252,0,252,1
120,True,41,41,0,CONTRIBUTOR,1,1,2,1,1,2,1
20,True,44,44,0,CONTRIBUTOR,0,0,1,213,213,426,4
5,True,48,48,0,CONTRIBUTOR,1,0,1,1,1,2,1
3,True,58,58,0,CONTRIBUTOR,0,0,1,1,1,2,1
28,True,66,66,0,CONTRIBUTOR,0,0,1,19,12,31,2
180,True,93,93,0,CONTRIBUTOR,1,0,2,58,1,59,2
80,True,99,99,0,CONTRIBUTOR,0,0,1,10,0,10,1
16,True,1,1,0,CONTRIBUTOR,5,0,9,2,3,5,1
183,True,2,2,0,CONTRIBUTOR,1,0,2,17,0,17,2
107,True,23,23,0,MEMBER,0,0,4,62,1,63,5
265,True,61,61,0,MEMBER,0,0,5,184,0,184,4
212,True,61,61,0,MEMBER,0,0,2,28,3,31,3
39,True,63,63,0,CONTRIBUTOR,1,0,5,149,176,325,2
118,False,20,20,11,MEMBER,3,0,8,29,4,33,4
5,True,16,16,0,CONTRIBUTOR,5,0,4,1,0,1,1
8,True,5,5,0,CONTRIBUTOR,0,0,1,2,2,4,1
203,False,0,0,0,CONTRIBUTOR,3,0,2,17,0,17,2
161,False,0,0,0,CONTRIBUTOR,0,0,1,5,0,5,1
203,False,0,0,0,CONTRIBUTOR,1,0,1,12,0,12,1
199,False,8,8,0,CONTRIBUTOR,3,0,1,209,1,210,3
96,False,963,963,0,CONTRIBUTOR,8,0,2,25,0,25,2
86,False,6,6,0,NONE,4,0,4,1218,0,1218,4
58,False,0,0,0,NONE,0,0,1,0,0,0,2
38,True,12,12,0,CONTRIBUTOR,1,0,1,8,0,8,1
9,True,13,13,0,CONTRIBUTOR,0,0,1,2,2,4,1
10,True,14,14,0,CONTRIBUTOR,0,0,1,2,2,4,2
163,True,31,31,0,CONTRIBUTOR,0,0,1,1,1,2,1
12,True,59,59,37,CONTRIBUTOR,4,0,1,0,0,0,1
61,True,65,65,0,CONTRIBUTOR,3,0,1,31,0,31,1
155,True,251,251,101,COLLABORATOR,8,0,3,36,0,36,4
51,True,113,113,0,CONTRIBUTOR,1,0,1,27,26,53,1
165,False,20,20,20,CONTRIBUTOR,2,0,2,16,0,16,2
53,True,0,0,0,COLLABORATOR,1,0,3,276,114,390,10
31,True,3,3,3,CONTRIBUTOR,1,0,1,53,53,106,1
20,True,2,2,0,CONTRIBUTOR,0,0,1,59,1,60,3
167,True,22,22,0,CONTRIBUTOR,1,0,4,1013,0,1013,3
165,False,1,1,0,CONTRIBUTOR,0,0,1,4,0,4,1
165,False,1,1,0,CONTRIBUTOR,0,0,1,1,0,1,1
38,True,96,96,0,CONTRIBUTOR,0,0,1,4,5,9,1
6,False,97,97,0,NONE,7,0,5,16,0,16,2
195,False,2075,2075,5,NONE,3,0,1,16,0,16,2
3,True,0,0,0,COLLABORATOR,0,0,197,669,33,702,6
184,True,17,17,0,CONTRIBUTOR,0,0,1,1,1,2,1
54,True,19,19,0,CONTRIBUTOR,0,0,1,7,1,8,1
108,True,8,8,0,CONTRIBUTOR,0,0,2,149,25,174,1
187,True,1,1,1,CONTRIBUTOR,1,0,1,4,0,4,1
173,True,24,24,24,CONTRIBUTOR,1,0,9,212,0,212,3
44,True,40,40,40,CONTRIBUTOR,1,0,4,16,8,24,1
27,True,2,2,2,NONE,1,0,1,1,1,2,1
169,True,2,2,2,CONTRIBUTOR,1,0,1,2,2,4,1
153,True,35,35,0,CONTRIBUTOR,0,0,3,16,0,16,2
12,True,1,1,0,CONTRIBUTOR,1,0,1,48,0,48,1
156,True,1,1,0,CONTRIBUTOR,1,0,1,16,0,16,2
11,True,12,12,0,CONTRIBUTOR,1,0,2,17,8,25,1
189,False,2322,2322,4,NONE,11,0,3,73,0,73,5
6,True,3,3,0,CONTRIBUTOR,1,0,1,94,0,94,3
161,True,167,167,53,CONTRIBUTOR,3,0,5,331,1,332,1
19,True,48,48,0,CONTRIBUTOR,0,0,1,0,4,4,1
95,True,17,17,0,CONTRIBUTOR,0,0,1,17,17,34,1
177,False,1,1,1,NONE,1,0,2,4,2,6,1
37,True,22,22,0,CONTRIBUTOR,0,0,1,1,1,2,1
75,True,28,28,26,CONTRIBUTOR,2,0,1,228,234,462,1
8,True,0,0,0,MEMBER,0,0,1,3,3,6,1
182,True,238,238,1,CONTRIBUTOR,11,0,6,116,5,121,4
25,True,16,16,0,NONE,0,0,1,11,0,11,1
53,True,54,54,54,CONTRIBUTOR,2,0,1,3,3,6,1
100,False,126,126,126,NONE,1,0,3,42,0,42,2
186,False,0,0,0,CONTRIBUTOR,1,0,22,16,0,16,2
3,True,0,0,0,COLLABORATOR,1,0,94,500,20,520,5
178,True,7,7,0,CONTRIBUTOR,0,0,1,1,2,3,1
3,False,0,0,0,COLLABORATOR,0,0,21,23,5,28,1
3,True,0,0,0,COLLABORATOR,0,0,21,23,5,28,1
135,True,4,4,0,CONTRIBUTOR,0,0,1,209,0,209,1
50,True,18,18,0,CONTRIBUTOR,0,0,1,10,1,11,1
172,True,3,3,0,CONTRIBUTOR,0,0,2,1,1,2,1
202,True,8,8,0,CONTRIBUTOR,1,0,6,1226,0,1226,4
15,True,569,569,377,CONTRIBUTOR,4,2,5,380,380,760,2
49,True,6,6,0,CONTRIBUTOR,0,0,2,7,7,14,2
36,True,6,6,0,CONTRIBUTOR,0,0,1,2,2,4,1
59,True,17,17,0,CONTRIBUTOR,0,0,1,50,0,50,1
166,False,31,31,0,NONE,2,0,1,155,155,310,2
73,False,3049,3049,17,CONTRIBUTOR,4,1,10,388,85,473,6
3,False,0,0,0,COLLABORATOR,0,0,19,0,0,0,1
14,False,0,0,0,CONTRIBUTOR,0,0,5,1,1,2,1
71,True,23,23,0,CONTRIBUTOR,0,0,3,38,0,38,3
3,True,0,0,0,COLLABORATOR,0,0,18,0,2,2,3
3,True,0,0,0,CONTRIBUTOR,0,0,1,1,1,2,1
47,True,7,7,0,CONTRIBUTOR,0,0,3,6,2,8,3
20,True,7,7,0,CONTRIBUTOR,0,0,1,11,11,22,1
22,True,9,9,0,CONTRIBUTOR,0,0,6,4,4,8,1
9,True,7,7,0,CONTRIBUTOR,0,0,1,40,0,40,1
3,True,0,0,0,COLLABORATOR,0,0,16,95,5,100,1
162,True,0,0,0,NONE,1,0,1,0,987,987,1
63,True,4,4,0,CONTRIBUTOR,0,0,1,10,0,10,1
10,True,7,7,0,CONTRIBUTOR,0,0,1,21,21,42,1
239,False,12,12,0,COLLABORATOR,1,0,1,13,13,26,1
31,True,14,14,0,COLLABORATOR,0,0,2,4,1,5,1
166,True,0,0,0,CONTRIBUTOR,0,0,1,1,1,2,1
96,True,17,17,0,COLLABORATOR,3,0,1,5,0,5,1
164,False,19,19,19,NONE,5,1,1,16,19,35,2
111,False,3,3,3,COLLABORATOR,2,0,8,0,12,12,1
12,True,2,2,0,CONTRIBUTOR,0,0,1,10,0,10,1
109,True,136,136,133,CONTRIBUTOR,2,5,2,4,0,4,3
152,False,3436,3436,1,COLLABORATOR,8,0,7,57,69,126,3
172,True,2,2,0,COLLABORATOR,0,0,2,15,1,16,1
2,True,10,10,0,CONTRIBUTOR,0,0,1,1,1,2,1
2,True,10,10,0,CONTRIBUTOR,0,0,1,13,0,13,1
2,True,11,11,11,CONTRIBUTOR,1,0,1,3,3,6,1
20,True,12,12,11,NONE,2,0,3,0,10,10,1
23,True,13,13,0,COLLABORATOR,0,0,1,4,3,7,1
172,True,1,1,0,COLLABORATOR,0,0,2,17,23,40,1
41,True,3,3,0,NONE,0,0,3,10,0,10,1
9,True,14,14,0,COLLABORATOR,0,0,1,10,0,10,1
260,True,14,14,0,COLLABORATOR,0,0,1,1,1,2,1
42,True,2,2,0,CONTRIBUTOR,0,1,3,2,1,3,1
17,True,2,2,2,CONTRIBUTOR,3,0,4,220,2,222,3
7,True,4,4,0,CONTRIBUTOR,0,2,3,32,1,33,1
175,True,32,32,0,CONTRIBUTOR,0,0,1,0,7,7,1
12,False,11,11,0,COLLABORATOR,1,0,1,2,1,3,1
14,False,3,3,3,NONE,1,0,1,16,0,16,2
160,False,12,12,0,COLLABORATOR,0,0,7,2,0,2,1
3,False,15,15,0,MEMBER,0,0,10,6,0,6,1
6,False,0,0,0,MEMBER,0,0,1,6,0,6,1
222,True,12,12,0,CONTRIBUTOR,0,0,7,964,0,964,4
163,False,0,0,0,CONTRIBUTOR,1,0,1,2,0,2,1
190,False,12,12,12,CONTRIBUTOR,1,0,1,346,0,346,1
194,False,12,12,12,CONTRIBUTOR,1,0,1,612,0,612,1
2,True,0,0,0,CONTRIBUTOR,0,0,1,3,2,5,1
2,True,13,13,0,CONTRIBUTOR,0,0,1,2,2,4,1
161,True,10,10,0,CONTRIBUTOR,0,0,1,3,3,6,1
19,True,0,0,0,CONTRIBUTOR,0,0,1,1,1,2,1
28,True,0,0,0,NONE,0,0,1,2,2,4,1
178,True,7,7,0,CONTRIBUTOR,0,0,1,1,1,2,1
186,False,65,65,8,NONE,5,0,1,1,1,2,1
50,True,21,21,21,CONTRIBUTOR,4,0,4,24,0,24,2
36,True,22,22,0,CONTRIBUTOR,0,0,2,16,0,16,2
12,True,24,24,0,CONTRIBUTOR,0,0,1,90,11,101,2
201,True,29,29,29,CONTRIBUTOR,1,0,3,136,0,136,2
15,True,31,31,0,CONTRIBUTOR,0,0,1,4,1,5,2
21,True,4,4,0,CONTRIBUTOR,0,0,1,10,0,10,1
41,True,3,3,0,CONTRIBUTOR,0,0,21,10,10,20,3
178,False,1515,1515,6,CONTRIBUTOR,2,3,9,6,1,7,1
14,True,14,14,0,CONTRIBUTOR,0,0,1,2,2,4,1
15,True,29,29,0,CONTRIBUTOR,0,0,3,3,3,6,1
11,True,6,6,0,CONTRIBUTOR,0,0,2,1,1,2,1
25,True,7,7,0,CONTRIBUTOR,0,0,1,1,1,2,1
2,True,7,7,0,CONTRIBUTOR,0,0,2,2,2,4,1
94,False,13,13,13,NONE,3,0,1,72,61,133,1
21,True,16,16,0,CONTRIBUTOR,0,0,1,199,199,398,1
23,True,16,16,0,CONTRIBUTOR,0,0,2,256,256,512,1
41,False,0,0,0,CONTRIBUTOR,0,0,3,199,199,398,1
40,True,27,27,27,CONTRIBUTOR,1,0,1,1,3,4,1
43,True,151,151,111,CONTRIBUTOR,2,2,4,24,0,24,3
44,True,2,2,0,CONTRIBUTOR,0,0,1,653,233,886,1
221,True,1,1,1,CONTRIBUTOR,4,0,9,71,37,108,5
164,True,0,0,0,CONTRIBUTOR,0,0,5,1,1,2,1
170,True,1,1,0,CONTRIBUTOR,2,0,4,8,352,360,1
25,False,3049,3049,0,NONE,7,0,2,18,1,19,2
40,True,4,4,20,CONTRIBUTOR,1,0,1,10,3,13,3
27,True,5,5,0,CONTRIBUTOR,0,0,1,1,1,2,1
12,True,8,8,0,CONTRIBUTOR,0,0,6,1,0,1,1
175,True,11,11,0,CONTRIBUTOR,0,0,21,11,41,52,3
155,True,13,13,0,CONTRIBUTOR,0,0,1,19,1,20,1
98,True,24,24,0,CONTRIBUTOR,0,0,1,1,1,2,1
31,True,34,34,0,CONTRIBUTOR,0,2,4,5,0,5,1
166,True,33,33,0,CONTRIBUTOR,0,0,20,2,2,4,1
164,False,21,21,10,NONE,2,0,2,16,0,16,2
6,True,12,12,0,CONTRIBUTOR,0,0,1,9,9,18,1
25,True,22,22,0,CONTRIBUTOR,0,0,1,1,1,2,1
35,True,0,0,0,CONTRIBUTOR,0,0,2,83,81,164,3
1123,True,3,3,0,CONTRIBUTOR,0,0,1,10,10,20,2
39,True,5,5,0,COLLABORATOR,0,0,5,0,621,621,4
161,False,47,47,16,NONE,1,0,1,11,0,11,1
23,True,3,3,0,CONTRIBUTOR,0,0,1,10,10,20,1
9,True,17,17,0,CONTRIBUTOR,0,0,17,1,1,2,1
174,True,28,28,0,CONTRIBUTOR,0,0,1,2,1,3,1
94,True,28,28,0,NONE,4,0,0,0,0,0,0
17,True,46,46,0,CONTRIBUTOR,0,0,1,160,22,182,1
167,True,6,6,0,CONTRIBUTOR,0,0,8,98,98,196,2
170,True,7,7,0,CONTRIBUTOR,0,0,1,13,1,14,1
6,True,7,7,0,CONTRIBUTOR,0,0,29,1,1,2,1
61,True,4,4,0,CONTRIBUTOR,0,0,1,11,0,11,3
22,True,10,10,0,CONTRIBUTOR,0,0,1,16,0,16,2
27,True,11,11,11,CONTRIBUTOR,2,0,2,1,1,2,1
74,True,1,1,1,CONTRIBUTOR,1,0,2,1,1,2,1
21,True,21,21,0,CONTRIBUTOR,0,0,15,37,30,67,2
19,True,23,23,0,CONTRIBUTOR,0,0,1,1,1,2,1
23,True,2,2,0,CONTRIBUTOR,0,0,7,2,1,3,2
25,True,3,3,0,CONTRIBUTOR,0,0,2,320,320,640,1
14,True,25,25,0,CONTRIBUTOR,0,0,1,0,4,4,1
178,True,52,52,0,CONTRIBUTOR,0,2,4,14,1,15,2
197,True,32,32,0,CONTRIBUTOR,0,0,2,7,1,8,1
161,True,64,64,38,CONTRIBUTOR,1,1,2,353,0,353,1
97,True,8,8,4,CONTRIBUTOR,4,0,2,12,0,12,2
35,False,64,64,15,CONTRIBUTOR,1,0,2,490,491,981,2
164,False,98,98,98,CONTRIBUTOR,1,2,1,355,0,355,1
6,True,29,29,0,CONTRIBUTOR,0,0,1,462,0,462,1
40,True,82,82,0,CONTRIBUTOR,0,1,19,6,1,7,1
170,True,84,84,0,CONTRIBUTOR,1,7,27,408,93,501,4
177,True,35,35,0,CONTRIBUTOR,0,0,18,1,1,2,1
24,True,9,9,9,CONTRIBUTOR,1,0,1,17,0,17,2
198,True,51,51,0,CONTRIBUTOR,0,0,4,36,394,430,2
19,True,21,21,0,CONTRIBUTOR,0,0,12,0,29,29,2
30,True,2,2,2,CONTRIBUTOR,1,0,2,22,22,44,1
27,True,2,2,0,CONTRIBUTOR,0,0,1,1486,61,1547,1
60,True,46,46,4,CONTRIBUTOR,16,0,8,122,37,159,12
62,True,9,9,4,CONTRIBUTOR,2,0,3,1003,0,1003,1
9,False,0,0,0,CONTRIBUTOR,0,0,1,690,2,692,1
20,True,0,0,0,CONTRIBUTOR,0,0,3,169,7,176,5
160,True,33,33,0,CONTRIBUTOR,1,2,2,403,0,403,3
7,True,35,35,0,CONTRIBUTOR,0,2,2,743,0,743,1
158,True,9,9,0,CONTRIBUTOR,0,0,2,3,1,4,1
151,True,40,40,12,CONTRIBUTOR,4,0,32,3,4,7,1
15,True,59,59,0,CONTRIBUTOR,1,0,17,84,0,84,1
50,True,64,64,0,CONTRIBUTOR,0,0,1,91,1,92,1
141,True,0,0,0,CONTRIBUTOR,0,0,7,69,69,138,2
108,True,105,105,10,CONTRIBUTOR,7,0,20,9,2,11,1
21,True,10,10,0,CONTRIBUTOR,0,0,28,3,2,5,1
151,False,25,25,0,CONTRIBUTOR,2,9,15,825,15,840,1
66,True,21,21,0,CONTRIBUTOR,0,0,2,91,1,92,2
9,True,23,23,0,CONTRIBUTOR,0,0,1,1,1,2,1
6,True,26,26,0,CONTRIBUTOR,0,0,2,16,16,32,1
123,True,175,175,34,CONTRIBUTOR,6,0,12,123,12,135,5
26,True,90,90,0,CONTRIBUTOR,0,0,3,81,0,81,3
3,True,166,166,0,COLLABORATOR,0,0,6,334,10,344,4
133,True,37,37,0,CONTRIBUTOR,0,0,1,150,0,150,1
58,False,1,1,1,NONE,1,0,1,61,1,62,4
53,True,36,36,0,CONTRIBUTOR,0,0,2,9,8,17,1
16,True,0,0,0,CONTRIBUTOR,0,0,1,147,146,293,1
92,True,4,4,0,CONTRIBUTOR,0,0,1,4,4,8,1
9,True,0,0,0,CONTRIBUTOR,0,0,1,1,1,2,1
53,True,50,50,3,CONTRIBUTOR,8,0,10,70,23,93,4
96,True,17,17,0,CONTRIBUTOR,0,0,1,609,9,618,1
162,True,68,68,93,CONTRIBUTOR,2,0,1,22,2,24,1
152,True,69,69,0,CONTRIBUTOR,0,0,4,1747,1,1748,3
45,True,7,7,0,CONTRIBUTOR,0,0,1,9,9,18,1
166,True,20,20,0,CONTRIBUTOR,0,0,1,1,2,3,1
286,True,4,4,0,CONTRIBUTOR,0,0,1,30,17,47,1
122,True,7,7,5,CONTRIBUTOR,1,0,1,20,12,32,1
123,False,4,4,0,CONTRIBUTOR,0,0,1,24,2,26,2
136,True,81,81,0,CONTRIBUTOR,0,0,12,8,16,24,3
119,True,94,94,85,COLLABORATOR,2,0,1,3,15,18,1
209,True,26,26,0,CONTRIBUTOR,0,0,6,15,14,29,3
2,True,31,31,0,CONTRIBUTOR,0,0,1,25,19,44,1
244,True,1673,1673,169,COLLABORATOR,15,2,1,46,0,46,1
3,True,0,0,0,COLLABORATOR,0,0,3,509,6,515,5
120,True,47,47,0,CONTRIBUTOR,4,0,8,137,7,144,3
2,True,0,0,0,CONTRIBUTOR,0,0,9,1,1,2,1
35,False,49,49,0,CONTRIBUTOR,1,0,12,20,9,29,2
125,True,0,0,0,CONTRIBUTOR,0,0,1,4,1,5,1
233,True,1,1,0,CONTRIBUTOR,0,0,1,3,0,3,1
113,True,4,4,0,CONTRIBUTOR,1,0,6,1355,0,1355,5
199,True,17,17,0,CONTRIBUTOR,0,0,23,1,1,2,1
85,True,27,27,0,CONTRIBUTOR,0,0,1,10,0,10,1
136,True,6,6,0,CONTRIBUTOR,0,0,1,10,0,10,1
4,False,0,0,0,CONTRIBUTOR,1,0,5,78,0,78,5
231,True,16,16,0,CONTRIBUTOR,0,0,4,54,54,108,2
74,True,42,42,0,CONTRIBUTOR,0,0,1,1,1,2,1
103,True,42,42,0,CONTRIBUTOR,0,0,1,7,7,14,1
17,True,11,11,0,CONTRIBUTOR,0,0,21,17,23,40,1
128,True,21,21,0,CONTRIBUTOR,0,0,1,1,1,2,1
63,True,7,7,0,CONTRIBUTOR,0,0,1,11,1,12,1
9,True,2,2,0,CONTRIBUTOR,0,0,19,15,15,30,3
201,True,24,24,0,CONTRIBUTOR,7,0,4,59,0,59,5
30,True,9,9,0,CONTRIBUTOR,0,0,15,3,4,7,1
65,True,0,0,0,CONTRIBUTOR,0,2,2,45,0,45,1
64,True,5,5,0,CONTRIBUTOR,0,0,1,36,0,36,1
2,True,20,20,11,CONTRIBUTOR,2,4,13,64,11,75,1
229,False,1,1,0,CONTRIBUTOR,6,2,7,820,0,820,3
48,True,24,24,0,CONTRIBUTOR,0,0,2,606,6,612,1
208,True,11,11,0,CONTRIBUTOR,0,0,1,21,0,21,1
253,True,0,0,0,COLLABORATOR,0,0,1,1,0,1,1
203,True,21,21,1,CONTRIBUTOR,7,0,4,16,0,16,2
152,True,32,32,0,CONTRIBUTOR,1,0,1,10,0,10,1
92,True,68,68,0,CONTRIBUTOR,1,10,4,604,0,604,1
2,True,0,0,0,MEMBER,0,0,15,1255,456,1711,3
202,True,93,93,0,CONTRIBUTOR,0,0,3,0,2,2,1
56,True,17,17,0,CONTRIBUTOR,0,0,3,44,0,44,2
173,True,73,73,2,CONTRIBUTOR,1,0,24,773,2410,3183,15
16,True,204,204,203,CONTRIBUTOR,3,0,12,259,1,260,1
197,True,84,84,68,CONTRIBUTOR,3,0,5,4,2,6,1
11,True,51,51,0,CONTRIBUTOR,0,0,1,4,26,30,1
229,True,52,52,0,CONTRIBUTOR,0,0,1,2,2,4,1
220,False,3,3,0,CONTRIBUTOR,4,0,1,16,0,16,2
393,True,25,25,0,CONTRIBUTOR,0,0,1,492,0,492,1
204,True,46,46,0,CONTRIBUTOR,1,2,6,1217,207,1424,4
12,True,0,0,0,CONTRIBUTOR,0,0,1,1,1,2,1
209,True,41,41,1,CONTRIBUTOR,3,0,1,1,1,2,1
128,True,18,18,0,CONTRIBUTOR,0,0,1,1,1,2,1
25,True,6,6,0,CONTRIBUTOR,0,0,1,6,6,12,1
6,True,8,8,0,CONTRIBUTOR,0,0,1,1,1,2,1
5,True,8,8,0,CONTRIBUTOR,0,0,1,1,1,2,1
5,False,0,0,0,CONTRIBUTOR,0,0,1,1,1,2,1
4,True,8,8,0,CONTRIBUTOR,0,0,1,1,1,2,1
195,True,26,26,0,CONTRIBUTOR,1,11,2,108,0,108,1
213,True,3,3,0,COLLABORATOR,0,0,5,7,7,14,1
264,True,19,19,0,CONTRIBUTOR,0,0,2,36,36,72,1
230,True,43,43,0,CONTRIBUTOR,0,0,1,1,1,2,1
208,False,0,0,0,NONE,0,0,1,14,2,16,1
21,True,0,0,0,COLLABORATOR,0,0,1,27,27,54,1
213,True,34,34,0,CONTRIBUTOR,0,2,2,50,30,80,3
196,True,20,20,0,CONTRIBUTOR,1,0,4,159,75,234,5
15,True,48,48,1,CONTRIBUTOR,3,0,4,212,0,212,3
192,True,22,22,0,CONTRIBUTOR,0,0,1,1,1,2,1
245,True,4,4,697,CONTRIBUTOR,2,0,2,5,4,9,1
268,True,9,9,9,CONTRIBUTOR,2,0,4,146,1,147,4
317,True,3,3,0,CONTRIBUTOR,10,0,20,281,2,283,8
123,True,16,16,0,CONTRIBUTOR,0,0,2,22,20,42,2
377,True,68,68,22,CONTRIBUTOR,6,0,10,12,10,22,4
188,True,31,31,3,CONTRIBUTOR,1,0,3,1218,0,1218,4
113,True,40,40,12,CONTRIBUTOR,1,0,2,84,91,175,12
193,True,13,13,0,CONTRIBUTOR,0,0,1,1,2,3,1
193,True,12,12,0,CONTRIBUTOR,0,0,1,7,1,8,1
164,True,17,17,0,NONE,0,0,8,1535,1422,2957,6
22,True,131,131,131,CONTRIBUTOR,2,3,2,2,2,4,1
10,True,1,1,0,CONTRIBUTOR,0,0,2,2,2,4,2
5,False,0,0,0,CONTRIBUTOR,0,0,1,1,1,2,1
5,False,0,0,0,CONTRIBUTOR,0,0,1,1,1,2,1
26,True,14,14,0,CONTRIBUTOR,0,0,1,3,5,8,1
85,False,30,30,30,CONTRIBUTOR,1,1,1,1,0,1,1
28,True,49,49,0,CONTRIBUTOR,0,0,1,25,1,26,1
23,True,117,117,0,CONTRIBUTOR,0,2,1,10,0,10,1
71,True,77,77,0,CONTRIBUTOR,0,0,1,14,1,15,1
35,False,191,191,12,CONTRIBUTOR,3,0,3,15,0,15,1
11,True,12,12,0,CONTRIBUTOR,0,0,1,79,1,80,3
9,True,122,122,17,CONTRIBUTOR,2,0,2,211,0,211,3
4,True,26,26,0,CONTRIBUTOR,0,1,4,36,0,36,1
10,True,54,54,0,CONTRIBUTOR,0,0,2,16,0,16,2
40,True,0,0,0,CONTRIBUTOR,0,0,2,1,1,2,1
9,True,19,19,15,CONTRIBUTOR,3,0,3,49,38,87,1
75,True,2,2,0,CONTRIBUTOR,0,0,1,320,56,376,1
66,True,10,10,8,CONTRIBUTOR,1,0,2,81,9,90,7
4,True,10,10,0,CONTRIBUTOR,0,0,1,2,2,4,1
6,True,1,1,0,CONTRIBUTOR,0,0,1,1,1,2,1
75,True,1,1,0,CONTRIBUTOR,0,0,3,2,2,4,1
56,True,3,3,0,CONTRIBUTOR,0,0,1,10,0,10,1
41,True,10,10,9,CONTRIBUTOR,1,0,7,101,69,170,3
72,True,22,22,0,CONTRIBUTOR,0,0,3,1,1,2,1
75,False,22,22,22,CONTRIBUTOR,2,0,2,9,9,18,1
72,False,2,2,0,CONTRIBUTOR,0,0,2,0,0,0,0
10,True,29,29,0,COLLABORATOR,0,0,3,4,1,5,2
42,True,1,1,0,CONTRIBUTOR,0,0,1,2,2,4,1
3,True,13,13,13,COLLABORATOR,1,0,2,22,0,22,3
4,True,3,3,0,CONTRIBUTOR,0,0,1,1,1,2,1
80,True,98,98,10,CONTRIBUTOR,2,0,4,56,11,67,3
6,True,28,28,12,CONTRIBUTOR,3,0,2,2,2,4,1
10,True,26,26,26,COLLABORATOR,2,1,5,101,109,210,4
42,True,49,49,17,CONTRIBUTOR,4,0,3,64,714,778,3
25,True,18,18,0,CONTRIBUTOR,0,0,1,1,1,2,1
7,True,115,115,14,CONTRIBUTOR,6,0,5,40,0,40,3
44,True,0,0,0,CONTRIBUTOR,0,0,4,49,12,61,6
2,True,74,74,0,CONTRIBUTOR,0,0,1,225,0,225,3
2,False,0,0,0,NONE,0,0,2,212,0,212,3
9,True,10,10,0,CONTRIBUTOR,0,0,1,0,0,0,1
27,True,15,15,3,CONTRIBUTOR,2,0,1,2,2,4,1
5,True,0,0,0,COLLABORATOR,3,0,3,330,4,334,7
60,True,1,1,0,CONTRIBUTOR,0,0,2,181,185,366,11
31,False,0,0,0,CONTRIBUTOR,1,0,1,47,0,47,1
60,True,20,20,0,CONTRIBUTOR,0,2,8,3,3,6,4
47,True,18,18,0,CONTRIBUTOR,0,2,9,19,2,21,4
57,True,0,0,0,CONTRIBUTOR,0,0,2,16,16,32,1
23,False,0,0,0,NONE,2,0,1,1,1,2,1
79,True,4,4,0,NONE,0,5,3,16,10,26,2
3,True,13,13,0,CONTRIBUTOR,0,0,3,16,0,16,2
30,True,36,36,6,CONTRIBUTOR,6,2,6,0,36,36,2
32,True,42,42,38,CONTRIBUTOR,2,0,4,30,1,31,3
12,True,39,39,0,CONTRIBUTOR,1,0,1,0,1,1,1
18,False,0,0,0,CONTRIBUTOR,0,0,1,0,0,0,0
5,True,41,41,0,CONTRIBUTOR,0,0,1,3,3,6,1
55,True,422,422,0,CONTRIBUTOR,0,0,2,1,4,5,1
12,True,133,133,17,CONTRIBUTOR,6,0,2,16,0,16,2
41,True,20,20,0,CONTRIBUTOR,0,0,2,234,0,234,1
41,False,0,0,0,CONTRIBUTOR,0,0,1,234,0,234,1
11,True,26,26,0,CONTRIBUTOR,0,0,1,127,1,128,3
18,True,0,0,0,NONE,0,0,1,1,1,2,1
14,True,5,5,0,CONTRIBUTOR,0,0,1,2,2,4,1
26,True,8,8,0,CONTRIBUTOR,0,0,2,8,2,10,1
8,True,15,15,0,CONTRIBUTOR,0,1,3,3013,1,3014,3
9,False,0,0,0,CONTRIBUTOR,0,0,7,3285,11,3296,5
27,True,138,138,138,CONTRIBUTOR,1,6,16,35,34,69,1
23,True,1,1,0,CONTRIBUTOR,0,0,6,8,7,15,2
24,True,2,2,0,CONTRIBUTOR,0,0,1,2,2,4,1
40,True,4,4,0,CONTRIBUTOR,0,0,2,9,4,13,2
58,True,3652,3652,0,COLLABORATOR,71,0,14,501,700,1201,15
63,True,23,23,23,CONTRIBUTOR,3,0,2,4,3,7,1
4,True,9,9,0,CONTRIBUTOR,0,0,1,1,1,2,1
16,True,0,0,0,CONTRIBUTOR,0,0,1,0,1,1,1
36,True,19,19,0,CONTRIBUTOR,0,0,1,1,1,2,1
80,True,102,102,23,CONTRIBUTOR,7,0,4,30,4,34,3
13,True,24,24,0,CONTRIBUTOR,0,0,1,3053,1,3054,3
52,True,64,64,0,CONTRIBUTOR,0,0,1,3,5,8,1
3,True,0,0,0,COLLABORATOR,0,0,2,1353,1077,2430,15
40,True,119,119,4,CONTRIBUTOR,12,0,16,31,4,35,1
2,True,2,2,0,CONTRIBUTOR,0,0,1,1,1,2,1
57,True,5,5,0,CONTRIBUTOR,0,0,1,1,0,1,1
6,True,3,3,6,CONTRIBUTOR,2,0,1,27,27,54,1
3,True,3,3,0,CONTRIBUTOR,0,0,1,1,1,2,1
41,True,11,11,0,CONTRIBUTOR,0,0,1,6,449,455,1
6,True,71,71,1,CONTRIBUTOR,11,2,7,53,20,73,1
9,True,4,4,0,CONTRIBUTOR,0,0,1,16,7,23,1
19,True,20,20,0,CONTRIBUTOR,0,0,6,20,20,40,3
33,True,0,0,0,CONTRIBUTOR,0,0,1,1,1,2,1
2,True,0,0,0,CONTRIBUTOR,0,0,1,2,2,4,1
4,True,4,4,4,CONTRIBUTOR,1,0,1,1,1,2,1
19,True,20,20,0,CONTRIBUTOR,0,0,1,186,190,376,1
12,True,15,15,0,CONTRIBUTOR,0,0,1,7,1,8,1
3,True,15,15,0,CONTRIBUTOR,0,0,1,1,1,2,1
6,True,23,23,0,CONTRIBUTOR,0,2,9,2,2,4,1
41,True,2,2,0,CONTRIBUTOR,0,0,1,1,1,2,1
45,True,5,5,0,CONTRIBUTOR,1,0,4,1218,0,1218,4
17,True,2,2,0,CONTRIBUTOR,0,0,3,109,2,111,3
28,True,17,17,0,CONTRIBUTOR,0,1,1,959,958,1917,1
21,False,0,0,0,CONTRIBUTOR,1,1,4,2,0,2,1
19,True,3,3,0,CONTRIBUTOR,0,0,3,8,4,12,2
53,True,0,0,0,CONTRIBUTOR,1,0,1,5,5,10,1
9,True,17,17,0,CONTRIBUTOR,0,0,8,10,7,17,1
21,True,1,1,0,CONTRIBUTOR,1,0,2,125,0,125,1
9,True,3,3,0,CONTRIBUTOR,0,0,1,1,1,2,1
12,True,23,23,0,CONTRIBUTOR,1,0,2,0,4,4,1
20,True,23,23,0,CONTRIBUTOR,0,0,2,516,7,523,1
23,True,23,23,0,CONTRIBUTOR,0,0,1,34,34,68,1
199,True,26,26,0,NONE,0,0,1,28,5,33,1
3,True,0,0,0,COLLABORATOR,0,0,4,262,10,272,5
23,True,1,1,0,CONTRIBUTOR,0,0,2,1,1,2,1
3,True,15,15,0,CONTRIBUTOR,2,0,6,713,0,713,4
52,False,13,13,1,CONTRIBUTOR,1,0,5,216,0,216,3
20,False,13,13,0,CONTRIBUTOR,0,0,1,2,0,2,1
14,True,6,6,0,CONTRIBUTOR,0,0,1,6,4,10,1
88,True,19,19,0,CONTRIBUTOR,0,0,3,1009,1,1010,3
73,True,19,19,0,CONTRIBUTOR,0,0,1,6,2,8,2
44,False,0,0,0,CONTRIBUTOR,0,0,1,1,0,1,1
11,False,0,0,0,COLLABORATOR,0,0,1,1,0,1,1
8,True,6,6,0,CONTRIBUTOR,0,0,1,1,1,2,1
112,True,19,19,1,CONTRIBUTOR,3,0,8,213,28,241,2
4,False,2,2,0,CONTRIBUTOR,0,0,6,119,28,147,2
7,True,0,0,0,CONTRIBUTOR,0,0,1,36,0,36,1
59,True,68,68,20,NONE,3,5,11,122,29,151,6
9,True,19,19,0,CONTRIBUTOR,0,0,4,1,1,2,1
95,True,44,44,20,COLLABORATOR,5,0,2,9,9,18,2
105,True,20,20,0,CONTRIBUTOR,0,0,1,5,104,109,1
67,True,1,1,0,CONTRIBUTOR,0,0,1,0,2,2,1
91,True,1,1,0,CONTRIBUTOR,0,0,1,26,1,27,7
28,True,3,3,0,CONTRIBUTOR,0,0,4,13,0,13,2
138,True,163,163,0,COLLABORATOR,0,0,6,153,151,304,10
22,True,0,0,0,CONTRIBUTOR,0,0,8,248,25,273,7
47,True,15,15,0,COLLABORATOR,0,0,1,25,24,49,1
97,True,71,71,69,CONTRIBUTOR,3,0,6,40,14,54,5
9,True,15,15,16,CONTRIBUTOR,1,0,2,16,0,16,2
21,True,0,0,0,CONTRIBUTOR,0,0,1,11,3,14,3
12,True,0,0,0,CONTRIBUTOR,0,0,3,10,0,10,3
12,True,0,0,0,CONTRIBUTOR,0,0,3,119,1,120,5
6,True,3,3,0,CONTRIBUTOR,0,0,1,488,489,977,1
29,True,6,6,0,CONTRIBUTOR,0,0,1,7,1,8,1
12,True,7,7,0,CONTRIBUTOR,0,0,4,8,8,16,1
389,True,20,20,0,CONTRIBUTOR,0,0,1,6,6,12,1
561,True,20,20,0,CONTRIBUTOR,0,0,1,3,3,6,1
3,True,0,0,0,COLLABORATOR,0,0,3,215,0,215,4
3,True,1,1,0,CONTRIBUTOR,0,0,1,1,1,2,1
38,True,2,2,0,NONE,0,0,1,1347,1347,2694,1
8,True,2,2,0,CONTRIBUTOR,0,0,1,306,18,324,1
28,True,6,6,6,CONTRIBUTOR,1,0,2,273,128,401,8
8,True,8,8,0,CONTRIBUTOR,0,0,1,48,0,48,2
12,True,0,0,0,CONTRIBUTOR,0,0,5,208,8,216,4
11,True,69,69,0,CONTRIBUTOR,0,0,1,16,0,16,2
3,True,1,1,0,COLLABORATOR,0,0,1,106,10,116,4
75,True,3,3,0,CONTRIBUTOR,0,0,1,29,2,31,1
28,True,23,23,0,CONTRIBUTOR,0,0,2,625,1,626,2
40,True,2,2,2,CONTRIBUTOR,2,0,1,119,22,141,2
55,True,27,27,22,CONTRIBUTOR,3,0,3,5,5,10,1
85,True,14,14,0,CONTRIBUTOR,0,0,1,538,4,542,1
26,True,22,22,0,CONTRIBUTOR,0,0,2,1,1,2,1
131,True,29,29,0,NONE,0,0,1,32,32,64,1
3,True,0,0,0,COLLABORATOR,0,0,2,208,5,213,5
61,True,0,0,0,CONTRIBUTOR,0,0,1,5,5,10,1
41,True,27,27,0,NONE,0,0,3,7,8,15,1
3,True,49,49,1,CONTRIBUTOR,5,0,6,1,1,2,1
14,True,1,1,0,CONTRIBUTOR,1,0,4,137,223,360,3
19,True,0,0,0,CONTRIBUTOR,1,0,7,407,47,454,5
82,True,5,5,0,NONE,0,0,1,25,3,28,2
31,True,6,6,0,COLLABORATOR,0,0,1,8,0,8,1
24,False,223,223,28,CONTRIBUTOR,9,4,17,206,139,345,11
3,True,0,0,0,COLLABORATOR,0,0,1,235,15,250,5
5,True,9,9,0,CONTRIBUTOR,0,0,2,17,0,17,1
25,True,28,28,0,CONTRIBUTOR,0,0,5,4,0,4,1
402,True,31,31,0,CONTRIBUTOR,0,0,1,12,12,24,1
48,False,0,0,0,CONTRIBUTOR,1,0,3,0,0,0,0
43,True,10,10,0,CONTRIBUTOR,0,0,1,24,24,48,1
8,True,5,5,0,CONTRIBUTOR,0,0,1,76,0,76,1
4,True,28,28,12,CONTRIBUTOR,1,0,1,7,7,14,1
3,True,0,0,0,COLLABORATOR,0,0,2,220,10,230,4
18,True,54,54,0,CONTRIBUTOR,0,0,1,4,2,6,1
21,True,0,0,0,NONE,0,0,1,15,1,16,3
11,True,11,11,0,CONTRIBUTOR,0,0,1,1,1,2,1
24,True,11,11,0,CONTRIBUTOR,0,0,1,1673,0,1673,1
59,True,198,198,31,CONTRIBUTOR,5,0,1,38,5,43,5
33,True,11,11,0,CONTRIBUTOR,2,0,1,5,45,50,3
24,True,14,14,0,CONTRIBUTOR,1,5,2,73,34,107,6
46,True,1,1,0,CONTRIBUTOR,0,0,1,53,13,66,2
3,True,0,0,0,COLLABORATOR,0,0,1,48,0,48,2
10,False,0,0,0,CONTRIBUTOR,0,0,1,1006,0,1006,1
13,False,12,12,1,CONTRIBUTOR,1,0,3,1030,172,1202,1
3,True,0,0,0,COLLABORATOR,0,0,2,154,5,159,3
6,True,0,0,0,CONTRIBUTOR,0,0,1,120,0,120,1
54,True,17,17,0,CONTRIBUTOR,0,0,1,2,2,4,1
62,False,18,18,18,CONTRIBUTOR,5,0,1,54,0,54,4
25,True,18,18,0,CONTRIBUTOR,0,0,1,6,0,6,1
9,True,27,27,0,CONTRIBUTOR,0,0,1,114,0,114,1
75,True,54,54,0,CONTRIBUTOR,0,0,1,19,19,38,3
17,True,3,3,0,NONE,0,0,1,1,0,1,1
3,True,0,0,0,COLLABORATOR,0,0,3,207,0,207,5
10,True,113,113,0,CONTRIBUTOR,0,0,1,317,0,317,1
34,False,0,0,0,NONE,1,0,2,16,0,16,2
23,True,6,6,0,CONTRIBUTOR,0,0,1,301,299,600,1
3,True,0,0,0,COLLABORATOR,0,0,2,137,0,137,3
17,True,152,152,2,CONTRIBUTOR,2,0,2,3,3,6,1
89,True,23,23,0,COLLABORATOR,0,0,1,1,5,6,1
61,True,28,28,0,NONE,0,0,1,19,1,20,1
31,True,34,34,0,CONTRIBUTOR,2,0,6,48,0,48,4
9,True,1,1,0,COLLABORATOR,0,0,1,5,1,6,1
24,True,2,2,0,CONTRIBUTOR,0,0,1,4,4,8,1
3,True,0,0,0,COLLABORATOR,0,0,2,108,0,108,3
9,True,19,19,0,COLLABORATOR,0,0,1,1,0,1,1
3,True,0,0,0,COLLABORATOR,0,0,1,143,0,143,5
16,True,1,1,0,COLLABORATOR,0,0,1,4,4,8,1
44,True,1,1,25,CONTRIBUTOR,4,0,1,5,1,6,1
14,True,29,29,0,CONTRIBUTOR,0,0,2,207,0,207,2
41,True,29,29,0,CONTRIBUTOR,0,0,1,1,1,2,1
12,True,34,34,0,CONTRIBUTOR,0,0,3,80,0,80,2
12,False,0,0,0,CONTRIBUTOR,0,0,2,80,0,80,2
26,True,42,42,0,CONTRIBUTOR,1,0,1,57,89,146,1
28,True,0,0,0,CONTRIBUTOR,0,0,1,219,0,219,2
30,True,4,4,0,CONTRIBUTOR,0,0,1,2,2,4,1
11,True,46,46,0,CONTRIBUTOR,0,0,2,10,0,10,1
37,True,8,8,0,CONTRIBUTOR,0,0,1,1023,1023,2046,1
51,True,18,18,0,CONTRIBUTOR,0,0,1,5,5,10,1
82,True,44,44,0,CONTRIBUTOR,1,0,1,16,2,18,2
3,True,53,53,0,COLLABORATOR,0,0,2,468,0,468,3
6,True,53,53,0,CONTRIBUTOR,0,0,3,219,0,219,2
52,True,63,63,0,CONTRIBUTOR,0,2,2,10,0,10,1
3,True,27,27,0,COLLABORATOR,0,0,4,773,6,779,7
4,True,94,94,0,CONTRIBUTOR,1,1,5,316,0,316,2
122,True,1,1,0,CONTRIBUTOR,0,0,2,3,3,6,1
50,True,10,10,0,CONTRIBUTOR,0,0,3,1026,0,1026,2
51,True,20,20,0,CONTRIBUTOR,0,0,1,0,1,1,1
3,True,4,4,0,COLLABORATOR,0,0,6,802,0,802,7
50,True,26,26,0,CONTRIBUTOR,0,0,1,1,1,2,1
63,True,53,53,29,CONTRIBUTOR,2,4,7,1,0,1,1
3,True,0,0,0,COLLABORATOR,0,0,3,442,0,442,4
59,False,20,20,0,CONTRIBUTOR,0,0,4,207,113,320,3
52,True,25,25,0,CONTRIBUTOR,0,0,1,1,1,2,1
3,True,0,0,0,COLLABORATOR,0,0,70,512,0,512,7
3,True,0,0,0,COLLABORATOR,0,0,7,93,10,103,3
33,True,5,5,0,CONTRIBUTOR,0,0,1,17,12,29,1
21,True,22,22,0,CONTRIBUTOR,0,0,1,2,2,4,1
10,True,1,1,0,COLLABORATOR,0,0,1,7,2,9,1
13,True,1,1,0,COLLABORATOR,0,0,1,10,5,15,1
12,True,12,12,0,CONTRIBUTOR,0,0,1,2,2,4,1
3,True,0,0,0,COLLABORATOR,0,0,8,29,5,34,1
3,False,0,0,0,COLLABORATOR,0,0,5,0,0,0,0
3,False,0,0,0,COLLABORATOR,0,0,3,1,48,49,1
11,True,1,1,0,CONTRIBUTOR,0,0,2,247,0,247,2
51,False,2,2,2,CONTRIBUTOR,1,0,2,432,0,432,1
15,True,165,165,2,CONTRIBUTOR,3,0,4,214,26,240,4
23,True,3,3,0,CONTRIBUTOR,2,2,4,2346,0,2346,2
17,False,0,0,0,CONTRIBUTOR,2,0,1,5,2,7,1
33,True,0,0,0,CONTRIBUTOR,0,0,2,1008,0,1008,2
26,True,4,4,0,CONTRIBUTOR,0,0,1,3,3,6,1
10,True,16,16,0,CONTRIBUTOR,0,0,2,5,0,5,1
8,True,19,19,0,CONTRIBUTOR,0,0,2,17,0,17,2
6,True,20,20,0,COLLABORATOR,0,0,1,18,2,20,1
97,False,75,75,0,COLLABORATOR,0,1,1,119,0,119,5
61,True,50,50,0,COLLABORATOR,0,0,1,5,1,6,1
52,True,24,24,0,CONTRIBUTOR,0,2,3,68,4,72,7
83,True,17,17,0,CONTRIBUTOR,0,0,3,212,0,212,2
68,True,40,40,0,COLLABORATOR,0,0,1,24,4,28,1
21,True,48,48,0,COLLABORATOR,0,0,3,17,21,38,2
48,True,51,51,0,CONTRIBUTOR,0,0,1,20,6,26,1
31,True,2,2,0,COLLABORATOR,1,0,1,18,19,37,1
53,True,3,3,0,CONTRIBUTOR,0,0,1,201,201,402,4
61,True,3,3,3,CONTRIBUTOR,1,0,3,39,35,74,3
6,True,38,38,0,CONTRIBUTOR,0,0,1,32,0,32,2
27,True,53,53,0,CONTRIBUTOR,0,0,1,4,0,4,1
53,True,62,62,0,CONTRIBUTOR,0,0,2,138,25,163,2
19,True,73,73,0,CONTRIBUTOR,0,0,2,16,0,16,2
60,True,103,103,0,CONTRIBUTOR,0,0,1,186,176,362,1
13,True,19,19,0,CONTRIBUTOR,0,0,1,1,1,2,1
31,True,23,23,0,CONTRIBUTOR,0,0,1,1,1,2,1
8,True,0,0,0,MEMBER,0,0,1,0,1,1,1
402,True,312,312,0,CONTRIBUTOR,0,0,1,3,3,6,1
11,True,41,41,0,CONTRIBUTOR,0,0,1,142,12,154,1
51,False,2527,2527,0,COLLABORATOR,0,0,2,50,19,69,1
31,True,20,20,16,COLLABORATOR,4,0,1,1,0,1,1
41,True,19,19,0,COLLABORATOR,0,0,1,7,6,13,2
19,True,38,38,30,CONTRIBUTOR,5,0,2,32,0,32,1
2,True,31,31,0,CONTRIBUTOR,0,0,1,4,5,9,1
144,True,84,84,65,COLLABORATOR,2,0,1,29,3,32,3
24,True,82,82,0,CONTRIBUTOR,0,0,1,28,0,28,2
5,False,26,26,26,NONE,1,0,1,1,1,2,1
22,True,0,0,0,CONTRIBUTOR,0,0,1,1,1,2,1
50,True,42,42,5,CONTRIBUTOR,5,0,2,986,0,986,2
50,True,59,59,0,CONTRIBUTOR,0,0,1,1008,0,1008,2
17,True,61,61,0,CONTRIBUTOR,0,0,1,2,2,4,2
50,True,99,99,62,CONTRIBUTOR,6,0,5,740,0,740,2
17,True,65,65,0,CONTRIBUTOR,0,0,2,88,86,174,5
50,False,7,7,5,CONTRIBUTOR,2,0,3,2016,0,2016,3
12,True,6,6,0,CONTRIBUTOR,1,0,1,1214,0,1214,3
50,True,14,14,0,CONTRIBUTOR,0,0,2,1008,0,1008,2
2,False,0,0,0,CONTRIBUTOR,0,0,1,6,5,11,2
6,False,42,42,15,CONTRIBUTOR,3,0,4,1046,0,1046,2
9,True,22,22,0,CONTRIBUTOR,0,0,1,1007,0,1007,1
9,True,25,25,0,CONTRIBUTOR,0,0,1,1,1,2,1
433,True,93,93,0,CONTRIBUTOR,0,0,1,3,3,6,1
10,True,43,43,0,CONTRIBUTOR,0,0,2,129,0,129,2
3,True,1,1,0,CONTRIBUTOR,0,0,2,11,10,21,2
7,False,1,1,1,NONE,1,0,1,1,1,2,1
8,True,5,5,0,CONTRIBUTOR,0,0,1,1,1,2,1
11,True,45,45,16,CONTRIBUTOR,1,2,4,32,0,32,3
3,True,38,38,0,CONTRIBUTOR,0,0,1,106,0,106,2
9,True,0,0,0,MEMBER,0,0,1,287,67,354,11
19,True,36,36,0,CONTRIBUTOR,0,0,1,1,1,2,1
20,True,37,37,37,CONTRIBUTOR,5,0,8,68,287,355,12
3,True,45,45,0,CONTRIBUTOR,0,0,1,116,1,117,2
19,True,77,77,66,CONTRIBUTOR,1,0,4,71,0,71,2
7,True,0,0,0,CONTRIBUTOR,0,0,1,6,6,12,1
16,True,0,0,0,CONTRIBUTOR,0,0,1,1,1,2,1
2,True,31,31,6,CONTRIBUTOR,2,0,2,216,0,216,2
28,False,7,7,7,NONE,1,0,1,1,1,2,1
3,True,12,12,0,CONTRIBUTOR,0,0,1,0,1171,1171,1
58,True,17,17,0,CONTRIBUTOR,0,0,3,12,8,20,2
56,True,106,106,0,CONTRIBUTOR,0,0,3,532,488,1020,13
34,True,33,33,0,CONTRIBUTOR,1,0,1,0,2,2,1
55,True,40,40,0,CONTRIBUTOR,0,0,1,1,1,2,1
38,True,41,41,0,CONTRIBUTOR,0,0,1,1,1,2,1
43,True,32,32,0,CONTRIBUTOR,0,0,2,2080,0,2080,3
3,True,39,39,0,CONTRIBUTOR,0,0,2,60,1,61,2
4,False,40,40,40,NONE,1,0,3,61,2,63,3
6,False,0,0,0,NONE,0,0,2,59,1,60,2
17,True,97,97,42,CONTRIBUTOR,2,0,2,14,0,14,1
9,True,47,47,0,CONTRIBUTOR,0,0,1,12,0,12,1
78,True,147,147,92,NONE,3,0,2,206,0,206,1
5,True,92,92,0,CONTRIBUTOR,0,0,1,1404,0,1404,1
18,True,122,122,2,CONTRIBUTOR,2,0,4,1007,0,1007,2
7,False,0,0,0,NONE,0,0,1,0,0,0,0
5,True,3,3,0,CONTRIBUTOR,0,0,1,1,1,2,1
41,True,36,36,0,CONTRIBUTOR,0,0,3,9,0,9,1
10,True,0,0,0,CONTRIBUTOR,0,0,1,21,11,32,2
61,True,55,55,7,CONTRIBUTOR,2,0,1,2,0,2,1
3,True,16,16,0,NONE,0,0,1,1008,1,1009,2
14,True,17,17,0,NONE,0,0,1,6,2,8,1
11,True,46,46,0,CONTRIBUTOR,0,0,1,8,0,8,1
34,True,49,49,0,CONTRIBUTOR,0,1,1,46,46,92,1
22,True,59,59,0,CONTRIBUTOR,0,0,3,60,1,61,2
26,False,208,208,95,CONTRIBUTOR,2,0,1,1369,170,1539,1
16,True,109,109,0,CONTRIBUTOR,0,0,1,11,0,11,1
79,True,203,203,20,CONTRIBUTOR,2,0,4,2766,1400,4166,15
227,True,151,151,20,CONTRIBUTOR,2,2,2,2727,156,2883,11
7,True,155,155,0,CONTRIBUTOR,0,0,1,304,137,441,1
11,True,175,175,175,CONTRIBUTOR,1,0,1,37,44,81,1
8,True,0,0,0,CONTRIBUTOR,0,0,1,13,0,13,1
13,True,31,31,0,CONTRIBUTOR,0,0,2,17,3,20,2
27,True,40,40,0,CONTRIBUTOR,1,2,3,56,0,56,3
28,False,0,0,0,CONTRIBUTOR,0,0,1,29,0,29,1
15,True,42,42,0,CONTRIBUTOR,0,0,2,1,1040,1041,7
6,True,8,8,0,CONTRIBUTOR,0,0,2,159,1,160,2
16,True,0,0,0,CONTRIBUTOR,0,0,1,12,15,27,1
10,True,10,10,10,CONTRIBUTOR,1,0,1,211,0,211,1
5,True,17,17,0,CONTRIBUTOR,0,0,1,209,1,210,2
49,True,21,21,1,CONTRIBUTOR,4,0,2,32,0,32,3
10,True,1,1,0,CONTRIBUTOR,0,0,1,25,10,35,1
48,True,16,16,0,CONTRIBUTOR,0,0,1,1,1,2,1
17,True,0,0,0,CONTRIBUTOR,0,0,4,41,3,44,3
29,False,60,60,17,CONTRIBUTOR,3,0,1,2511,0,2511,2
178,True,140,140,0,CONTRIBUTOR,0,0,9,1299,558,1857,10
110,False,54,54,3,CONTRIBUTOR,8,0,1,1,1,2,1
16,True,3,3,1,CONTRIBUTOR,1,0,2,1040,0,1040,2
13,True,10,10,8,CONTRIBUTOR,4,0,2,212,0,212,1
177,False,0,0,0,CONTRIBUTOR,1,0,1,35,35,70,2
62,True,4,4,0,CONTRIBUTOR,1,0,1,4,4,8,1
6,True,12,12,0,CONTRIBUTOR,2,0,4,105,13,118,5
26,True,0,0,0,CONTRIBUTOR,0,0,2,32,0,32,3
6,True,2,2,0,CONTRIBUTOR,0,0,2,142,54,196,5
350,True,29,29,6,CONTRIBUTOR,8,0,2,70,73,143,2
131,True,44,44,0,CONTRIBUTOR,0,0,7,788,106,894,42
39,True,0,0,0,CONTRIBUTOR,0,0,3,148,119,267,7
7,False,0,0,0,CONTRIBUTOR,0,0,4,10,1,11,3
5,True,0,0,0,CONTRIBUTOR,0,0,1,1,1,2,1
2,True,0,0,0,CONTRIBUTOR,0,0,1,6,0,6,1
7,True,11,11,0,CONTRIBUTOR,2,1,5,215,168,383,2
10,True,0,0,0,CONTRIBUTOR,0,0,2,233,113,346,3
38,True,22,22,0,CONTRIBUTOR,0,0,3,87,93,180,1
16,True,0,0,0,CONTRIBUTOR,0,0,1,23,8,31,1
40,True,14,14,0,CONTRIBUTOR,0,0,1,2,2,4,1
12,True,45,45,0,CONTRIBUTOR,0,0,1,2,2,4,2
7,True,4,4,0,CONTRIBUTOR,0,0,1,16,0,16,2
7,True,12,12,0,CONTRIBUTOR,2,0,3,65,14,79,4
6,True,0,0,0,CONTRIBUTOR,0,0,3,14,0,14,2
10,True,13,13,0,CONTRIBUTOR,0,0,1,16,0,16,2
10,True,20,20,0,CONTRIBUTOR,0,0,2,17,1,18,2
7,True,0,0,0,CONTRIBUTOR,0,0,3,48,16,64,3
7,True,15,15,0,CONTRIBUTOR,0,0,1,5,1,6,1
5,True,16,16,0,CONTRIBUTOR,0,0,2,34,6,40,2
123,True,68,68,68,CONTRIBUTOR,1,0,18,147,5,152,5
8,True,4,4,0,CONTRIBUTOR,0,0,3,16,0,16,2
10,True,7,7,0,CONTRIBUTOR,0,0,4,24,0,24,2
37,False,10,10,1,NONE,3,0,1,1,1,2,1
11,True,62,62,0,CONTRIBUTOR,0,0,1,1,0,1,1
39,True,1,1,1,CONTRIBUTOR,1,0,1,48,33,81,2
86,False,18,18,6,CONTRIBUTOR,4,0,3,112,95,207,2
6,True,7,7,0,CONTRIBUTOR,0,0,1,1,1,2,1
65,True,2,2,2,CONTRIBUTOR,1,0,1,4,0,4,1
33,True,78,78,0,CONTRIBUTOR,0,0,1,7,0,7,1
81,True,111,111,111,CONTRIBUTOR,1,0,2,59,1,60,3
12,False,77,77,67,CONTRIBUTOR,2,0,1,7,5,12,2
3,True,0,0,0,CONTRIBUTOR,0,0,1,4,0,4,2
12,True,1,1,0,CONTRIBUTOR,0,0,1,12,7,19,1
23,True,31,31,0,CONTRIBUTOR,0,0,3,62,27,89,3
31,True,31,31,0,CONTRIBUTOR,0,0,1,5,0,5,1
14,False,0,0,0,CONTRIBUTOR,0,0,7,62,1,63,6
114,True,32,32,0,CONTRIBUTOR,0,0,7,59,1,60,6
7,False,3,3,0,CONTRIBUTOR,0,0,3,7,0,7,3
53,True,25,25,25,CONTRIBUTOR,1,0,6,38,8,46,2
16,True,13,13,0,CONTRIBUTOR,0,0,1,1,1,2,1
27,True,8,8,0,CONTRIBUTOR,0,0,1,1,1,2,1
63,True,9,9,0,CONTRIBUTOR,0,0,2,15,16,31,1
558,True,2,2,0,CONTRIBUTOR,0,0,1,3,3,6,1
42,True,13,13,0,CONTRIBUTOR,0,0,2,49,0,49,4
137,True,2,2,0,CONTRIBUTOR,0,0,4,87,19,106,6
16,True,17,17,17,CONTRIBUTOR,1,0,1,71,0,71,6
35,True,15,15,11,CONTRIBUTOR,1,0,10,222,97,319,7
6,False,9,9,2,CONTRIBUTOR,4,0,1,1,1,2,1
3,True,2,2,0,CONTRIBUTOR,0,0,1,16,0,16,2
9,True,36,36,0,CONTRIBUTOR,0,0,1,16,0,16,2
13,True,31,31,0,CONTRIBUTOR,0,0,1,962,989,1951,1
7,False,45,45,45,CONTRIBUTOR,2,0,1,2,2,4,1
3,True,5,5,0,CONTRIBUTOR,0,0,1,7,0,7,1
3,True,0,0,0,CONTRIBUTOR,0,0,1,7,0,7,1
11,True,0,0,0,CONTRIBUTOR,0,0,2,20,0,20,3
30,True,27,27,5,CONTRIBUTOR,1,0,10,62,1,63,4
5,True,20,20,0,CONTRIBUTOR,0,0,1,16,0,16,2
9,True,0,0,0,CONTRIBUTOR,0,0,2,5,5,10,1
3,True,1,1,0,CONTRIBUTOR,0,0,1,4,0,4,2
3,True,0,0,0,CONTRIBUTOR,0,0,1,4,0,4,2
2,True,0,0,0,CONTRIBUTOR,0,0,1,21,0,21,2
23,True,5,5,0,CONTRIBUTOR,0,0,4,42,7,49,4
4,True,2,2,0,CONTRIBUTOR,0,0,1,14,0,14,1
26,True,11,11,0,CONTRIBUTOR,0,0,7,131,20,151,7
15,True,7,7,0,CONTRIBUTOR,0,0,1,7,0,7,1
22,True,14,14,0,CONTRIBUTOR,0,0,7,828,115,943,8
19,True,23,23,0,CONTRIBUTOR,0,0,3,52,0,52,4
12,True,2,2,0,CONTRIBUTOR,0,0,1,2,2,4,1
10,True,23,23,0,CONTRIBUTOR,0,0,1,203,0,203,1
9,True,91,91,17,CONTRIBUTOR,2,0,2,28,0,28,1
475,True,60,60,0,CONTRIBUTOR,0,0,1,10,8,18,1
5,True,19,19,0,CONTRIBUTOR,0,0,1,16,0,16,2
13,True,46,46,0,CONTRIBUTOR,0,0,3,25,5,30,3
24,False,5,5,5,CONTRIBUTOR,1,0,1,6,2,8,1
4,True,12,12,0,CONTRIBUTOR,0,0,6,25,0,25,2
11,True,15,15,0,CONTRIBUTOR,0,0,4,20,4,24,3
30,True,13,13,0,CONTRIBUTOR,0,0,8,293,27,320,11
22,True,19,19,19,CONTRIBUTOR,1,0,1,3,2,5,1
6,True,11,11,11,CONTRIBUTOR,1,0,3,32,0,32,3
9,True,45,45,0,CONTRIBUTOR,0,0,6,32,1,33,3
6,True,0,0,0,CONTRIBUTOR,0,0,1,16,0,16,2
6,True,43,43,0,CONTRIBUTOR,0,0,1,2,1,3,1
4,True,54,54,0,CONTRIBUTOR,0,0,1,8,1,9,1
3,True,55,55,0,CONTRIBUTOR,0,0,2,1,0,1,1
17,True,106,106,94,CONTRIBUTOR,2,0,2,2,2,4,1
48,False,6,6,6,NONE,1,0,1,2,2,4,2
3,True,0,0,0,CONTRIBUTOR,0,0,1,7,0,7,1
25,True,53,53,0,CONTRIBUTOR,0,0,1,11,0,11,1
104,True,357,357,8,CONTRIBUTOR,4,1,18,243,6,249,6
33,True,186,186,212,CONTRIBUTOR,2,0,1,2,1,3,1
10,True,0,0,0,MEMBER,0,0,1,3,111,114,6
7,True,23,23,0,CONTRIBUTOR,0,0,3,111,3,114,6
7,True,5,5,5,NONE,1,0,1,2,1,3,1
44,True,0,0,0,CONTRIBUTOR,0,0,2,14,0,14,2
57,True,9,9,0,NONE,0,0,1,3,1,4,1
43,True,0,0,0,CONTRIBUTOR,0,0,2,12,9,21,3
10,True,0,0,0,CONTRIBUTOR,0,0,1,138,5,143,7
88,True,26,26,0,CONTRIBUTOR,0,0,1,2,2,4,1
43,True,37,37,0,CONTRIBUTOR,0,0,6,36,4,40,4
13,True,5,5,0,CONTRIBUTOR,0,0,1,8,1,9,1
48,True,14,14,0,CONTRIBUTOR,1,0,3,33,0,33,5
104,True,6,6,0,CONTRIBUTOR,0,0,3,127,16,143,6
73,True,13,13,0,CONTRIBUTOR,3,3,6,91,1,92,4
13,False,987,987,14,NONE,6,0,2,9,1,10,2
33,True,83,83,8,CONTRIBUTOR,4,0,6,85,6,91,5
32,True,35,35,0,CONTRIBUTOR,2,0,4,12,0,12,1
11,True,10,10,10,CONTRIBUTOR,1,0,1,27,1,28,2
6,True,10,10,9,CONTRIBUTOR,3,0,1,2,1,3,1
3,True,12,12,0,CONTRIBUTOR,3,0,2,23,3,26,3
36,True,12,12,0,CONTRIBUTOR,0,0,1,1,0,1,1
4,True,37,37,12,CONTRIBUTOR,1,0,4,39,0,39,2
